plot,species,hits
D1SF,Andromeda polifolia,73
D1C,Andromeda polifolia,124
D2SF,Andromeda polifolia,34
D2C,Andromeda polifolia,64
D3SF,Andromeda polifolia,64
D3C,Andromeda polifolia,47
D4SF,Andromeda polifolia,13
D4C,Andromeda polifolia,105
D5SF,Andromeda polifolia,25
D5C,Andromeda polifolia,77
E1SF,Andromeda polifolia,0
E1C,Andromeda polifolia,0
E2SF,Andromeda polifolia,35
E2C,Andromeda polifolia,2
E3SF,Andromeda polifolia,0
E3C,Andromeda polifolia,24
E4SF,Andromeda polifolia,0
E4C,Andromeda polifolia,157
E5SF,Andromeda polifolia,6
E5C,Andromeda polifolia,0
X1SF,Andromeda polifolia,0
X1C,Andromeda polifolia,0
X2SF,Andromeda polifolia,0
X2C,Andromeda polifolia,0
X3SF,Andromeda polifolia,0
X3C,Andromeda polifolia,0
X4SF,Andromeda polifolia,0
X4C,Andromeda polifolia,0
X5SF,Andromeda polifolia,0
X5C,Andromeda polifolia,0
D1SF,Arctostaphylos alpinus,8
D1C,Arctostaphylos alpinus,0
D2SF,Arctostaphylos alpinus,5
D2C,Arctostaphylos alpinus,0
D3SF,Arctostaphylos alpinus,0
D3C,Arctostaphylos alpinus,0
D4SF,Arctostaphylos alpinus,2
D4C,Arctostaphylos alpinus,3
D5SF,Arctostaphylos alpinus,1
D5C,Arctostaphylos alpinus,5
E1SF,Arctostaphylos alpinus,3
E1C,Arctostaphylos alpinus,36
E2SF,Arctostaphylos alpinus,9
E2C,Arctostaphylos alpinus,14
E3SF,Arctostaphylos alpinus,8
E3C,Arctostaphylos alpinus,0
E4SF,Arctostaphylos alpinus,30
E4C,Arctostaphylos alpinus,23
E5SF,Arctostaphylos alpinus,0
E5C,Arctostaphylos alpinus,6
X1SF,Arctostaphylos alpinus,0
X1C,Arctostaphylos alpinus,2
X2SF,Arctostaphylos alpinus,0
X2C,Arctostaphylos alpinus,0
X3SF,Arctostaphylos alpinus,0
X3C,Arctostaphylos alpinus,0
X4SF,Arctostaphylos alpinus,5
X4C,Arctostaphylos alpinus,2
X5SF,Arctostaphylos alpinus,0
X5C,Arctostaphylos alpinus,0
D1SF,Astragalus alpinus,0
D1C,Astragalus alpinus,0
D2SF,Astragalus alpinus,0
D2C,Astragalus alpinus,0
D3SF,Astragalus alpinus,0
D3C,Astragalus alpinus,0
D4SF,Astragalus alpinus,0
D4C,Astragalus alpinus,0
D5SF,Astragalus alpinus,42
D5C,Astragalus alpinus,5
E1SF,Astragalus alpinus,32
E1C,Astragalus alpinus,3
E2SF,Astragalus alpinus,0
E2C,Astragalus alpinus,0
E3SF,Astragalus alpinus,0
E3C,Astragalus alpinus,0
E4SF,Astragalus alpinus,16
E4C,Astragalus alpinus,86
E5SF,Astragalus alpinus,0
E5C,Astragalus alpinus,0
X1SF,Astragalus alpinus,0
X1C,Astragalus alpinus,0
X2SF,Astragalus alpinus,0
X2C,Astragalus alpinus,0
X3SF,Astragalus alpinus,0
X3C,Astragalus alpinus,0
X4SF,Astragalus alpinus,0
X4C,Astragalus alpinus,1
X5SF,Astragalus alpinus,0
X5C,Astragalus alpinus,0
D1SF,Bartia alpina,22
D1C,Bartia alpina,15
D2SF,Bartia alpina,9
D2C,Bartia alpina,4
D3SF,Bartia alpina,3
D3C,Bartia alpina,5
D4SF,Bartia alpina,2
D4C,Bartia alpina,3
D5SF,Bartia alpina,10
D5C,Bartia alpina,3
E1SF,Bartia alpina,0
E1C,Bartia alpina,0
E2SF,Bartia alpina,0
E2C,Bartia alpina,0
E3SF,Bartia alpina,0
E3C,Bartia alpina,0
E4SF,Bartia alpina,0
E4C,Bartia alpina,0
E5SF,Bartia alpina,0
E5C,Bartia alpina,0
X1SF,Bartia alpina,0
X1C,Bartia alpina,0
X2SF,Bartia alpina,0
X2C,Bartia alpina,0
X3SF,Bartia alpina,0
X3C,Bartia alpina,0
X4SF,Bartia alpina,0
X4C,Bartia alpina,0
X5SF,Bartia alpina,0
X5C,Bartia alpina,0
D1SF,Betula nana,61
D1C,Betula nana,67
D2SF,Betula nana,46
D2C,Betula nana,38
D3SF,Betula nana,28
D3C,Betula nana,23
D4SF,Betula nana,5
D4C,Betula nana,48
D5SF,Betula nana,89
D5C,Betula nana,33
E1SF,Betula nana,203
E1C,Betula nana,66
E2SF,Betula nana,119
E2C,Betula nana,68
E3SF,Betula nana,125
E3C,Betula nana,45
E4SF,Betula nana,213
E4C,Betula nana,78
E5SF,Betula nana,62
E5C,Betula nana,90
X1SF,Betula nana,95
X1C,Betula nana,30
X2SF,Betula nana,41
X2C,Betula nana,5
X3SF,Betula nana,35
X3C,Betula nana,10
X4SF,Betula nana,49
X4C,Betula nana,28
X5SF,Betula nana,34
X5C,Betula nana,3
D1SF,Betula nana x pubescens,1
D1C,Betula nana x pubescens,0
D2SF,Betula nana x pubescens,0
D2C,Betula nana x pubescens,0
D3SF,Betula nana x pubescens,0
D3C,Betula nana x pubescens,0
D4SF,Betula nana x pubescens,2
D4C,Betula nana x pubescens,0
D5SF,Betula nana x pubescens,0
D5C,Betula nana x pubescens,0
E1SF,Betula nana x pubescens,3
E1C,Betula nana x pubescens,0
E2SF,Betula nana x pubescens,0
E2C,Betula nana x pubescens,0
E3SF,Betula nana x pubescens,0
E3C,Betula nana x pubescens,0
E4SF,Betula nana x pubescens,0
E4C,Betula nana x pubescens,0
E5SF,Betula nana x pubescens,0
E5C,Betula nana x pubescens,0
X1SF,Betula nana x pubescens,0
X1C,Betula nana x pubescens,0
X2SF,Betula nana x pubescens,0
X2C,Betula nana x pubescens,0
X3SF,Betula nana x pubescens,0
X3C,Betula nana x pubescens,0
X4SF,Betula nana x pubescens,0
X4C,Betula nana x pubescens,0
X5SF,Betula nana x pubescens,0
X5C,Betula nana x pubescens,0
D1SF,Bistorta vivipara,4
D1C,Bistorta vivipara,13
D2SF,Bistorta vivipara,14
D2C,Bistorta vivipara,12
D3SF,Bistorta vivipara,28
D3C,Bistorta vivipara,8
D4SF,Bistorta vivipara,3
D4C,Bistorta vivipara,32
D5SF,Bistorta vivipara,67
D5C,Bistorta vivipara,63
E1SF,Bistorta vivipara,0
E1C,Bistorta vivipara,2
E2SF,Bistorta vivipara,0
E2C,Bistorta vivipara,0
E3SF,Bistorta vivipara,0
E3C,Bistorta vivipara,0
E4SF,Bistorta vivipara,6
E4C,Bistorta vivipara,2
E5SF,Bistorta vivipara,0
E5C,Bistorta vivipara,0
X1SF,Bistorta vivipara,0
X1C,Bistorta vivipara,0
X2SF,Bistorta vivipara,0
X2C,Bistorta vivipara,0
X3SF,Bistorta vivipara,0
X3C,Bistorta vivipara,0
X4SF,Bistorta vivipara,0
X4C,Bistorta vivipara,0
X5SF,Bistorta vivipara,0
X5C,Bistorta vivipara,0
D1SF,Calamagrostis lapponicum,0
D1C,Calamagrostis lapponicum,0
D2SF,Calamagrostis lapponicum,0
D2C,Calamagrostis lapponicum,0
D3SF,Calamagrostis lapponicum,0
D3C,Calamagrostis lapponicum,0
D4SF,Calamagrostis lapponicum,0
D4C,Calamagrostis lapponicum,0
D5SF,Calamagrostis lapponicum,0
D5C,Calamagrostis lapponicum,0
E1SF,Calamagrostis lapponicum,9
E1C,Calamagrostis lapponicum,2
E2SF,Calamagrostis lapponicum,29
E2C,Calamagrostis lapponicum,48
E3SF,Calamagrostis lapponicum,33
E3C,Calamagrostis lapponicum,11
E4SF,Calamagrostis lapponicum,143
E4C,Calamagrostis lapponicum,18
E5SF,Calamagrostis lapponicum,34
E5C,Calamagrostis lapponicum,95
X1SF,Calamagrostis lapponicum,0
X1C,Calamagrostis lapponicum,0
X2SF,Calamagrostis lapponicum,0
X2C,Calamagrostis lapponicum,0
X3SF,Calamagrostis lapponicum,0
X3C,Calamagrostis lapponicum,0
X4SF,Calamagrostis lapponicum,0
X4C,Calamagrostis lapponicum,0
X5SF,Calamagrostis lapponicum,0
X5C,Calamagrostis lapponicum,0
D1SF,Carex sp.,4
D1C,Carex sp.,0
D2SF,Carex sp.,1
D2C,Carex sp.,0
D3SF,Carex sp.,11
D3C,Carex sp.,9
D4SF,Carex sp.,3
D4C,Carex sp.,1
D5SF,Carex sp.,0
D5C,Carex sp.,0
E1SF,Carex sp.,0
E1C,Carex sp.,0
E2SF,Carex sp.,0
E2C,Carex sp.,0
E3SF,Carex sp.,0
E3C,Carex sp.,0
E4SF,Carex sp.,0
E4C,Carex sp.,0
E5SF,Carex sp.,0
E5C,Carex sp.,0
X1SF,Carex sp.,0
X1C,Carex sp.,0
X2SF,Carex sp.,0
X2C,Carex sp.,0
X3SF,Carex sp.,0
X3C,Carex sp.,0
X4SF,Carex sp.,0
X4C,Carex sp.,0
X5SF,Carex sp.,0
X5C,Carex sp.,0
D1SF,Carex bigelowii,35
D1C,Carex bigelowii,91
D2SF,Carex bigelowii,78
D2C,Carex bigelowii,66
D3SF,Carex bigelowii,68
D3C,Carex bigelowii,8
D4SF,Carex bigelowii,123
D4C,Carex bigelowii,177
D5SF,Carex bigelowii,154
D5C,Carex bigelowii,145
E1SF,Carex bigelowii,23
E1C,Carex bigelowii,1
E2SF,Carex bigelowii,0
E2C,Carex bigelowii,1
E3SF,Carex bigelowii,4
E3C,Carex bigelowii,0
E4SF,Carex bigelowii,1
E4C,Carex bigelowii,19
E5SF,Carex bigelowii,9
E5C,Carex bigelowii,0
X1SF,Carex bigelowii,0
X1C,Carex bigelowii,0
X2SF,Carex bigelowii,0
X2C,Carex bigelowii,0
X3SF,Carex bigelowii,0
X3C,Carex bigelowii,0
X4SF,Carex bigelowii,0
X4C,Carex bigelowii,0
X5SF,Carex bigelowii,0
X5C,Carex bigelowii,0
D1SF,Carex capillaris,0
D1C,Carex capillaris,0
D2SF,Carex capillaris,34
D2C,Carex capillaris,0
D3SF,Carex capillaris,0
D3C,Carex capillaris,0
D4SF,Carex capillaris,0
D4C,Carex capillaris,0
D5SF,Carex capillaris,0
D5C,Carex capillaris,22
E1SF,Carex capillaris,0
E1C,Carex capillaris,0
E2SF,Carex capillaris,0
E2C,Carex capillaris,0
E3SF,Carex capillaris,0
E3C,Carex capillaris,0
E4SF,Carex capillaris,0
E4C,Carex capillaris,0
E5SF,Carex capillaris,0
E5C,Carex capillaris,0
X1SF,Carex capillaris,0
X1C,Carex capillaris,0
X2SF,Carex capillaris,0
X2C,Carex capillaris,0
X3SF,Carex capillaris,0
X3C,Carex capillaris,0
X4SF,Carex capillaris,0
X4C,Carex capillaris,0
X5SF,Carex capillaris,0
X5C,Carex capillaris,0
D1SF,Carex dioica,51
D1C,Carex dioica,30
D2SF,Carex dioica,5
D2C,Carex dioica,0
D3SF,Carex dioica,25
D3C,Carex dioica,28
D4SF,Carex dioica,174
D4C,Carex dioica,302
D5SF,Carex dioica,0
D5C,Carex dioica,0
E1SF,Carex dioica,0
E1C,Carex dioica,0
E2SF,Carex dioica,0
E2C,Carex dioica,0
E3SF,Carex dioica,0
E3C,Carex dioica,0
E4SF,Carex dioica,0
E4C,Carex dioica,0
E5SF,Carex dioica,0
E5C,Carex dioica,0
X1SF,Carex dioica,0
X1C,Carex dioica,0
X2SF,Carex dioica,0
X2C,Carex dioica,0
X3SF,Carex dioica,0
X3C,Carex dioica,0
X4SF,Carex dioica,0
X4C,Carex dioica,0
X5SF,Carex dioica,0
X5C,Carex dioica,0
D1SF,Carex vaginatum,10
D1C,Carex vaginatum,22
D2SF,Carex vaginatum,2
D2C,Carex vaginatum,0
D3SF,Carex vaginatum,2
D3C,Carex vaginatum,0
D4SF,Carex vaginatum,1
D4C,Carex vaginatum,2
D5SF,Carex vaginatum,3
D5C,Carex vaginatum,1
E1SF,Carex vaginatum,7
E1C,Carex vaginatum,2
E2SF,Carex vaginatum,0
E2C,Carex vaginatum,0
E3SF,Carex vaginatum,0
E3C,Carex vaginatum,0
E4SF,Carex vaginatum,0
E4C,Carex vaginatum,0
E5SF,Carex vaginatum,0
E5C,Carex vaginatum,0
X1SF,Carex vaginatum,0
X1C,Carex vaginatum,0
X2SF,Carex vaginatum,0
X2C,Carex vaginatum,0
X3SF,Carex vaginatum,0
X3C,Carex vaginatum,0
X4SF,Carex vaginatum,0
X4C,Carex vaginatum,0
X5SF,Carex vaginatum,0
X5C,Carex vaginatum,0
D1SF,Cassiope tetragona,0
D1C,Cassiope tetragona,0
D2SF,Cassiope tetragona,2
D2C,Cassiope tetragona,0
D3SF,Cassiope tetragona,4
D3C,Cassiope tetragona,0
D4SF,Cassiope tetragona,0
D4C,Cassiope tetragona,0
D5SF,Cassiope tetragona,0
D5C,Cassiope tetragona,0
E1SF,Cassiope tetragona,0
E1C,Cassiope tetragona,0
E2SF,Cassiope tetragona,0
E2C,Cassiope tetragona,0
E3SF,Cassiope tetragona,0
E3C,Cassiope tetragona,0
E4SF,Cassiope tetragona,0
E4C,Cassiope tetragona,0
E5SF,Cassiope tetragona,0
E5C,Cassiope tetragona,0
X1SF,Cassiope tetragona,0
X1C,Cassiope tetragona,0
X2SF,Cassiope tetragona,0
X2C,Cassiope tetragona,0
X3SF,Cassiope tetragona,0
X3C,Cassiope tetragona,0
X4SF,Cassiope tetragona,0
X4C,Cassiope tetragona,0
X5SF,Cassiope tetragona,0
X5C,Cassiope tetragona,0
D1SF,Deschampsia sp.,0
D1C,Deschampsia sp.,0
D2SF,Deschampsia sp.,0
D2C,Deschampsia sp.,0
D3SF,Deschampsia sp.,0
D3C,Deschampsia sp.,0
D4SF,Deschampsia sp.,0
D4C,Deschampsia sp.,0
D5SF,Deschampsia sp.,0
D5C,Deschampsia sp.,0
E1SF,Deschampsia sp.,0
E1C,Deschampsia sp.,0
E2SF,Deschampsia sp.,0
E2C,Deschampsia sp.,0
E3SF,Deschampsia sp.,0
E3C,Deschampsia sp.,0
E4SF,Deschampsia sp.,0
E4C,Deschampsia sp.,0
E5SF,Deschampsia sp.,0
E5C,Deschampsia sp.,0
X1SF,Deschampsia sp.,3
X1C,Deschampsia sp.,0
X2SF,Deschampsia sp.,0
X2C,Deschampsia sp.,0
X3SF,Deschampsia sp.,0
X3C,Deschampsia sp.,0
X4SF,Deschampsia sp.,0
X4C,Deschampsia sp.,0
X5SF,Deschampsia sp.,0
X5C,Deschampsia sp.,0
D1SF,Diapensia lapponica,0
D1C,Diapensia lapponica,0
D2SF,Diapensia lapponica,0
D2C,Diapensia lapponica,0
D3SF,Diapensia lapponica,0
D3C,Diapensia lapponica,0
D4SF,Diapensia lapponica,0
D4C,Diapensia lapponica,0
D5SF,Diapensia lapponica,0
D5C,Diapensia lapponica,0
E1SF,Diapensia lapponica,0
E1C,Diapensia lapponica,0
E2SF,Diapensia lapponica,0
E2C,Diapensia lapponica,4
E3SF,Diapensia lapponica,0
E3C,Diapensia lapponica,1
E4SF,Diapensia lapponica,4
E4C,Diapensia lapponica,0
E5SF,Diapensia lapponica,0
E5C,Diapensia lapponica,0
X1SF,Diapensia lapponica,0
X1C,Diapensia lapponica,1
X2SF,Diapensia lapponica,0
X2C,Diapensia lapponica,0
X3SF,Diapensia lapponica,0
X3C,Diapensia lapponica,0
X4SF,Diapensia lapponica,3
X4C,Diapensia lapponica,0
X5SF,Diapensia lapponica,4
X5C,Diapensia lapponica,0
D1SF,Dryas octopetala,0
D1C,Dryas octopetala,0
D2SF,Dryas octopetala,4
D2C,Dryas octopetala,5
D3SF,Dryas octopetala,0
D3C,Dryas octopetala,0
D4SF,Dryas octopetala,0
D4C,Dryas octopetala,0
D5SF,Dryas octopetala,0
D5C,Dryas octopetala,0
E1SF,Dryas octopetala,0
E1C,Dryas octopetala,0
E2SF,Dryas octopetala,0
E2C,Dryas octopetala,0
E3SF,Dryas octopetala,0
E3C,Dryas octopetala,0
E4SF,Dryas octopetala,3
E4C,Dryas octopetala,0
E5SF,Dryas octopetala,0
E5C,Dryas octopetala,0
X1SF,Dryas octopetala,0
X1C,Dryas octopetala,0
X2SF,Dryas octopetala,9
X2C,Dryas octopetala,27
X3SF,Dryas octopetala,0
X3C,Dryas octopetala,0
X4SF,Dryas octopetala,0
X4C,Dryas octopetala,2
X5SF,Dryas octopetala,12
X5C,Dryas octopetala,6
D1SF,Empetrum nigrum,40
D1C,Empetrum nigrum,39
D2SF,Empetrum nigrum,10
D2C,Empetrum nigrum,3
D3SF,Empetrum nigrum,1
D3C,Empetrum nigrum,5
D4SF,Empetrum nigrum,34
D4C,Empetrum nigrum,43
D5SF,Empetrum nigrum,81
D5C,Empetrum nigrum,0
E1SF,Empetrum nigrum,171
E1C,Empetrum nigrum,355
E2SF,Empetrum nigrum,266
E2C,Empetrum nigrum,332
E3SF,Empetrum nigrum,257
E3C,Empetrum nigrum,414
E4SF,Empetrum nigrum,227
E4C,Empetrum nigrum,347
E5SF,Empetrum nigrum,159
E5C,Empetrum nigrum,342
X1SF,Empetrum nigrum,56
X1C,Empetrum nigrum,74
X2SF,Empetrum nigrum,52
X2C,Empetrum nigrum,26
X3SF,Empetrum nigrum,58
X3C,Empetrum nigrum,10
X4SF,Empetrum nigrum,102
X4C,Empetrum nigrum,91
X5SF,Empetrum nigrum,47
X5C,Empetrum nigrum,9
D1SF,Equisetum arvense,0
D1C,Equisetum arvense,0
D2SF,Equisetum arvense,0
D2C,Equisetum arvense,0
D3SF,Equisetum arvense,0
D3C,Equisetum arvense,0
D4SF,Equisetum arvense,0
D4C,Equisetum arvense,0
D5SF,Equisetum arvense,0
D5C,Equisetum arvense,0
E1SF,Equisetum arvense,0
E1C,Equisetum arvense,0
E2SF,Equisetum arvense,0
E2C,Equisetum arvense,0
E3SF,Equisetum arvense,0
E3C,Equisetum arvense,0
E4SF,Equisetum arvense,0
E4C,Equisetum arvense,0
E5SF,Equisetum arvense,2
E5C,Equisetum arvense,0
X1SF,Equisetum arvense,0
X1C,Equisetum arvense,0
X2SF,Equisetum arvense,0
X2C,Equisetum arvense,0
X3SF,Equisetum arvense,0
X3C,Equisetum arvense,0
X4SF,Equisetum arvense,0
X4C,Equisetum arvense,0
X5SF,Equisetum arvense,0
X5C,Equisetum arvense,0
D1SF,Equisetum pratense,5
D1C,Equisetum pratense,31
D2SF,Equisetum pratense,0
D2C,Equisetum pratense,0
D3SF,Equisetum pratense,0
D3C,Equisetum pratense,0
D4SF,Equisetum pratense,0
D4C,Equisetum pratense,0
D5SF,Equisetum pratense,0
D5C,Equisetum pratense,19
E1SF,Equisetum pratense,0
E1C,Equisetum pratense,0
E2SF,Equisetum pratense,0
E2C,Equisetum pratense,9
E3SF,Equisetum pratense,0
E3C,Equisetum pratense,13
E4SF,Equisetum pratense,2
E4C,Equisetum pratense,0
E5SF,Equisetum pratense,14
E5C,Equisetum pratense,0
X1SF,Equisetum pratense,0
X1C,Equisetum pratense,0
X2SF,Equisetum pratense,0
X2C,Equisetum pratense,0
X3SF,Equisetum pratense,0
X3C,Equisetum pratense,0
X4SF,Equisetum pratense,0
X4C,Equisetum pratense,0
X5SF,Equisetum pratense,0
X5C,Equisetum pratense,0
D1SF,Equisetum scirpoides,7
D1C,Equisetum scirpoides,0
D2SF,Equisetum scirpoides,14
D2C,Equisetum scirpoides,25
D3SF,Equisetum scirpoides,24
D3C,Equisetum scirpoides,1
D4SF,Equisetum scirpoides,3
D4C,Equisetum scirpoides,2
D5SF,Equisetum scirpoides,0
D5C,Equisetum scirpoides,26
E1SF,Equisetum scirpoides,0
E1C,Equisetum scirpoides,0
E2SF,Equisetum scirpoides,0
E2C,Equisetum scirpoides,0
E3SF,Equisetum scirpoides,0
E3C,Equisetum scirpoides,2
E4SF,Equisetum scirpoides,3
E4C,Equisetum scirpoides,61
E5SF,Equisetum scirpoides,29
E5C,Equisetum scirpoides,0
X1SF,Equisetum scirpoides,0
X1C,Equisetum scirpoides,0
X2SF,Equisetum scirpoides,0
X2C,Equisetum scirpoides,0
X3SF,Equisetum scirpoides,0
X3C,Equisetum scirpoides,0
X4SF,Equisetum scirpoides,0
X4C,Equisetum scirpoides,0
X5SF,Equisetum scirpoides,0
X5C,Equisetum scirpoides,0
D1SF,Eriophorum vaginatum,0
D1C,Eriophorum vaginatum,0
D2SF,Eriophorum vaginatum,0
D2C,Eriophorum vaginatum,0
D3SF,Eriophorum vaginatum,6
D3C,Eriophorum vaginatum,0
D4SF,Eriophorum vaginatum,0
D4C,Eriophorum vaginatum,0
D5SF,Eriophorum vaginatum,0
D5C,Eriophorum vaginatum,0
E1SF,Eriophorum vaginatum,0
E1C,Eriophorum vaginatum,0
E2SF,Eriophorum vaginatum,0
E2C,Eriophorum vaginatum,0
E3SF,Eriophorum vaginatum,0
E3C,Eriophorum vaginatum,0
E4SF,Eriophorum vaginatum,0
E4C,Eriophorum vaginatum,0
E5SF,Eriophorum vaginatum,0
E5C,Eriophorum vaginatum,0
X1SF,Eriophorum vaginatum,0
X1C,Eriophorum vaginatum,0
X2SF,Eriophorum vaginatum,0
X2C,Eriophorum vaginatum,0
X3SF,Eriophorum vaginatum,0
X3C,Eriophorum vaginatum,0
X4SF,Eriophorum vaginatum,0
X4C,Eriophorum vaginatum,0
X5SF,Eriophorum vaginatum,0
X5C,Eriophorum vaginatum,0
D1SF,Euphrasia frigida,0
D1C,Euphrasia frigida,0
D2SF,Euphrasia frigida,0
D2C,Euphrasia frigida,0
D3SF,Euphrasia frigida,0
D3C,Euphrasia frigida,0
D4SF,Euphrasia frigida,0
D4C,Euphrasia frigida,0
D5SF,Euphrasia frigida,1
D5C,Euphrasia frigida,0
E1SF,Euphrasia frigida,0
E1C,Euphrasia frigida,0
E2SF,Euphrasia frigida,0
E2C,Euphrasia frigida,0
E3SF,Euphrasia frigida,0
E3C,Euphrasia frigida,0
E4SF,Euphrasia frigida,0
E4C,Euphrasia frigida,1
E5SF,Euphrasia frigida,0
E5C,Euphrasia frigida,0
X1SF,Euphrasia frigida,0
X1C,Euphrasia frigida,0
X2SF,Euphrasia frigida,0
X2C,Euphrasia frigida,0
X3SF,Euphrasia frigida,0
X3C,Euphrasia frigida,0
X4SF,Euphrasia frigida,0
X4C,Euphrasia frigida,0
X5SF,Euphrasia frigida,0
X5C,Euphrasia frigida,0
D1SF,Festuca ovina,0
D1C,Festuca ovina,0
D2SF,Festuca ovina,0
D2C,Festuca ovina,0
D3SF,Festuca ovina,0
D3C,Festuca ovina,0
D4SF,Festuca ovina,0
D4C,Festuca ovina,0
D5SF,Festuca ovina,21
D5C,Festuca ovina,0
E1SF,Festuca ovina,109
E1C,Festuca ovina,2
E2SF,Festuca ovina,0
E2C,Festuca ovina,0
E3SF,Festuca ovina,0
E3C,Festuca ovina,0
E4SF,Festuca ovina,35
E4C,Festuca ovina,1
E5SF,Festuca ovina,0
E5C,Festuca ovina,2
X1SF,Festuca ovina,1
X1C,Festuca ovina,0
X2SF,Festuca ovina,0
X2C,Festuca ovina,0
X3SF,Festuca ovina,0
X3C,Festuca ovina,0
X4SF,Festuca ovina,0
X4C,Festuca ovina,0
X5SF,Festuca ovina,0
X5C,Festuca ovina,0
D1SF,Huperzea selago,3
D1C,Huperzea selago,4
D2SF,Huperzea selago,0
D2C,Huperzea selago,4
D3SF,Huperzea selago,0
D3C,Huperzea selago,3
D4SF,Huperzea selago,0
D4C,Huperzea selago,0
D5SF,Huperzea selago,2
D5C,Huperzea selago,11
E1SF,Huperzea selago,0
E1C,Huperzea selago,0
E2SF,Huperzea selago,0
E2C,Huperzea selago,0
E3SF,Huperzea selago,0
E3C,Huperzea selago,0
E4SF,Huperzea selago,0
E4C,Huperzea selago,0
E5SF,Huperzea selago,0
E5C,Huperzea selago,0
X1SF,Huperzea selago,0
X1C,Huperzea selago,0
X2SF,Huperzea selago,0
X2C,Huperzea selago,0
X3SF,Huperzea selago,0
X3C,Huperzea selago,0
X4SF,Huperzea selago,0
X4C,Huperzea selago,0
X5SF,Huperzea selago,0
X5C,Huperzea selago,0
D1SF,Juncus trifidus,0
D1C,Juncus trifidus,0
D2SF,Juncus trifidus,0
D2C,Juncus trifidus,0
D3SF,Juncus trifidus,0
D3C,Juncus trifidus,0
D4SF,Juncus trifidus,0
D4C,Juncus trifidus,0
D5SF,Juncus trifidus,0
D5C,Juncus trifidus,0
E1SF,Juncus trifidus,0
E1C,Juncus trifidus,0
E2SF,Juncus trifidus,0
E2C,Juncus trifidus,0
E3SF,Juncus trifidus,0
E3C,Juncus trifidus,0
E4SF,Juncus trifidus,0
E4C,Juncus trifidus,0
E5SF,Juncus trifidus,0
E5C,Juncus trifidus,0
X1SF,Juncus trifidus,5
X1C,Juncus trifidus,0
X2SF,Juncus trifidus,0
X2C,Juncus trifidus,1
X3SF,Juncus trifidus,2
X3C,Juncus trifidus,0
X4SF,Juncus trifidus,6
X4C,Juncus trifidus,0
X5SF,Juncus trifidus,1
X5C,Juncus trifidus,0
D1SF,Linnaea borealis,0
D1C,Linnaea borealis,0
D2SF,Linnaea borealis,0
D2C,Linnaea borealis,0
D3SF,Linnaea borealis,0
D3C,Linnaea borealis,0
D4SF,Linnaea borealis,0
D4C,Linnaea borealis,0
D5SF,Linnaea borealis,0
D5C,Linnaea borealis,0
E1SF,Linnaea borealis,0
E1C,Linnaea borealis,0
E2SF,Linnaea borealis,0
E2C,Linnaea borealis,30
E3SF,Linnaea borealis,0
E3C,Linnaea borealis,0
E4SF,Linnaea borealis,0
E4C,Linnaea borealis,0
E5SF,Linnaea borealis,0
E5C,Linnaea borealis,0
X1SF,Linnaea borealis,0
X1C,Linnaea borealis,0
X2SF,Linnaea borealis,0
X2C,Linnaea borealis,0
X3SF,Linnaea borealis,0
X3C,Linnaea borealis,0
X4SF,Linnaea borealis,0
X4C,Linnaea borealis,0
X5SF,Linnaea borealis,0
X5C,Linnaea borealis,0
D1SF,Loiseleuria procumbens,0
D1C,Loiseleuria procumbens,0
D2SF,Loiseleuria procumbens,0
D2C,Loiseleuria procumbens,0
D3SF,Loiseleuria procumbens,0
D3C,Loiseleuria procumbens,0
D4SF,Loiseleuria procumbens,0
D4C,Loiseleuria procumbens,0
D5SF,Loiseleuria procumbens,0
D5C,Loiseleuria procumbens,0
E1SF,Loiseleuria procumbens,0
E1C,Loiseleuria procumbens,0
E2SF,Loiseleuria procumbens,0
E2C,Loiseleuria procumbens,0
E3SF,Loiseleuria procumbens,0
E3C,Loiseleuria procumbens,0
E4SF,Loiseleuria procumbens,0
E4C,Loiseleuria procumbens,0
E5SF,Loiseleuria procumbens,20
E5C,Loiseleuria procumbens,0
X1SF,Loiseleuria procumbens,3
X1C,Loiseleuria procumbens,43
X2SF,Loiseleuria procumbens,30
X2C,Loiseleuria procumbens,35
X3SF,Loiseleuria procumbens,12
X3C,Loiseleuria procumbens,0
X4SF,Loiseleuria procumbens,8
X4C,Loiseleuria procumbens,1
X5SF,Loiseleuria procumbens,54
X5C,Loiseleuria procumbens,24
D1SF,Pedicularis lapponicum,0
D1C,Pedicularis lapponicum,0
D2SF,Pedicularis lapponicum,0
D2C,Pedicularis lapponicum,0
D3SF,Pedicularis lapponicum,0
D3C,Pedicularis lapponicum,0
D4SF,Pedicularis lapponicum,0
D4C,Pedicularis lapponicum,0
D5SF,Pedicularis lapponicum,0
D5C,Pedicularis lapponicum,0
E1SF,Pedicularis lapponicum,3
E1C,Pedicularis lapponicum,0
E2SF,Pedicularis lapponicum,0
E2C,Pedicularis lapponicum,0
E3SF,Pedicularis lapponicum,0
E3C,Pedicularis lapponicum,0
E4SF,Pedicularis lapponicum,2
E4C,Pedicularis lapponicum,4
E5SF,Pedicularis lapponicum,6
E5C,Pedicularis lapponicum,0
X1SF,Pedicularis lapponicum,0
X1C,Pedicularis lapponicum,0
X2SF,Pedicularis lapponicum,0
X2C,Pedicularis lapponicum,0
X3SF,Pedicularis lapponicum,0
X3C,Pedicularis lapponicum,0
X4SF,Pedicularis lapponicum,0
X4C,Pedicularis lapponicum,0
X5SF,Pedicularis lapponicum,0
X5C,Pedicularis lapponicum,0
D1SF,Phylodoce caerulea,0
D1C,Phylodoce caerulea,0
D2SF,Phylodoce caerulea,0
D2C,Phylodoce caerulea,0
D3SF,Phylodoce caerulea,0
D3C,Phylodoce caerulea,0
D4SF,Phylodoce caerulea,0
D4C,Phylodoce caerulea,0
D5SF,Phylodoce caerulea,0
D5C,Phylodoce caerulea,0
E1SF,Phylodoce caerulea,1
E1C,Phylodoce caerulea,1
E2SF,Phylodoce caerulea,0
E2C,Phylodoce caerulea,0
E3SF,Phylodoce caerulea,0
E3C,Phylodoce caerulea,0
E4SF,Phylodoce caerulea,0
E4C,Phylodoce caerulea,0
E5SF,Phylodoce caerulea,0
E5C,Phylodoce caerulea,0
X1SF,Phylodoce caerulea,0
X1C,Phylodoce caerulea,0
X2SF,Phylodoce caerulea,0
X2C,Phylodoce caerulea,0
X3SF,Phylodoce caerulea,0
X3C,Phylodoce caerulea,0
X4SF,Phylodoce caerulea,0
X4C,Phylodoce caerulea,0
X5SF,Phylodoce caerulea,0
X5C,Phylodoce caerulea,0
D1SF,Pinguicula villosa,0
D1C,Pinguicula villosa,0
D2SF,Pinguicula villosa,0
D2C,Pinguicula villosa,4
D3SF,Pinguicula villosa,0
D3C,Pinguicula villosa,0
D4SF,Pinguicula villosa,0
D4C,Pinguicula villosa,8
D5SF,Pinguicula villosa,0
D5C,Pinguicula villosa,0
E1SF,Pinguicula villosa,0
E1C,Pinguicula villosa,0
E2SF,Pinguicula villosa,0
E2C,Pinguicula villosa,0
E3SF,Pinguicula villosa,0
E3C,Pinguicula villosa,0
E4SF,Pinguicula villosa,0
E4C,Pinguicula villosa,0
E5SF,Pinguicula villosa,0
E5C,Pinguicula villosa,0
X1SF,Pinguicula villosa,0
X1C,Pinguicula villosa,0
X2SF,Pinguicula villosa,0
X2C,Pinguicula villosa,0
X3SF,Pinguicula villosa,0
X3C,Pinguicula villosa,0
X4SF,Pinguicula villosa,0
X4C,Pinguicula villosa,0
X5SF,Pinguicula villosa,0
X5C,Pinguicula villosa,0
D1SF,Pinguicula vulgaris,0
D1C,Pinguicula vulgaris,0
D2SF,Pinguicula vulgaris,11
D2C,Pinguicula vulgaris,6
D3SF,Pinguicula vulgaris,1
D3C,Pinguicula vulgaris,12
D4SF,Pinguicula vulgaris,2
D4C,Pinguicula vulgaris,29
D5SF,Pinguicula vulgaris,0
D5C,Pinguicula vulgaris,1
E1SF,Pinguicula vulgaris,0
E1C,Pinguicula vulgaris,0
E2SF,Pinguicula vulgaris,0
E2C,Pinguicula vulgaris,0
E3SF,Pinguicula vulgaris,0
E3C,Pinguicula vulgaris,0
E4SF,Pinguicula vulgaris,0
E4C,Pinguicula vulgaris,0
E5SF,Pinguicula vulgaris,0
E5C,Pinguicula vulgaris,0
X1SF,Pinguicula vulgaris,0
X1C,Pinguicula vulgaris,0
X2SF,Pinguicula vulgaris,0
X2C,Pinguicula vulgaris,1
X3SF,Pinguicula vulgaris,0
X3C,Pinguicula vulgaris,0
X4SF,Pinguicula vulgaris,0
X4C,Pinguicula vulgaris,0
X5SF,Pinguicula vulgaris,0
X5C,Pinguicula vulgaris,0
D1SF,Pyrola sp.,0
D1C,Pyrola sp.,0
D2SF,Pyrola sp.,0
D2C,Pyrola sp.,0
D3SF,Pyrola sp.,0
D3C,Pyrola sp.,0
D4SF,Pyrola sp.,0
D4C,Pyrola sp.,0
D5SF,Pyrola sp.,1
D5C,Pyrola sp.,0
E1SF,Pyrola sp.,0
E1C,Pyrola sp.,0
E2SF,Pyrola sp.,0
E2C,Pyrola sp.,0
E3SF,Pyrola sp.,0
E3C,Pyrola sp.,0
E4SF,Pyrola sp.,0
E4C,Pyrola sp.,0
E5SF,Pyrola sp.,0
E5C,Pyrola sp.,0
X1SF,Pyrola sp.,0
X1C,Pyrola sp.,0
X2SF,Pyrola sp.,0
X2C,Pyrola sp.,0
X3SF,Pyrola sp.,0
X3C,Pyrola sp.,0
X4SF,Pyrola sp.,0
X4C,Pyrola sp.,0
X5SF,Pyrola sp.,0
X5C,Pyrola sp.,0
D1SF,Rhododendron lapponicum,0
D1C,Rhododendron lapponicum,0
D2SF,Rhododendron lapponicum,9
D2C,Rhododendron lapponicum,7
D3SF,Rhododendron lapponicum,7
D3C,Rhododendron lapponicum,0
D4SF,Rhododendron lapponicum,0
D4C,Rhododendron lapponicum,2
D5SF,Rhododendron lapponicum,0
D5C,Rhododendron lapponicum,0
E1SF,Rhododendron lapponicum,0
E1C,Rhododendron lapponicum,0
E2SF,Rhododendron lapponicum,0
E2C,Rhododendron lapponicum,0
E3SF,Rhododendron lapponicum,0
E3C,Rhododendron lapponicum,0
E4SF,Rhododendron lapponicum,0
E4C,Rhododendron lapponicum,0
E5SF,Rhododendron lapponicum,0
E5C,Rhododendron lapponicum,0
X1SF,Rhododendron lapponicum,0
X1C,Rhododendron lapponicum,0
X2SF,Rhododendron lapponicum,0
X2C,Rhododendron lapponicum,0
X3SF,Rhododendron lapponicum,0
X3C,Rhododendron lapponicum,0
X4SF,Rhododendron lapponicum,0
X4C,Rhododendron lapponicum,0
X5SF,Rhododendron lapponicum,1
X5C,Rhododendron lapponicum,1
D1SF,Rubus chamaemorus,0
D1C,Rubus chamaemorus,0
D2SF,Rubus chamaemorus,0
D2C,Rubus chamaemorus,0
D3SF,Rubus chamaemorus,0
D3C,Rubus chamaemorus,5
D4SF,Rubus chamaemorus,5
D4C,Rubus chamaemorus,3
D5SF,Rubus chamaemorus,0
D5C,Rubus chamaemorus,0
E1SF,Rubus chamaemorus,0
E1C,Rubus chamaemorus,0
E2SF,Rubus chamaemorus,0
E2C,Rubus chamaemorus,3
E3SF,Rubus chamaemorus,0
E3C,Rubus chamaemorus,0
E4SF,Rubus chamaemorus,0
E4C,Rubus chamaemorus,0
E5SF,Rubus chamaemorus,2
E5C,Rubus chamaemorus,0
X1SF,Rubus chamaemorus,0
X1C,Rubus chamaemorus,0
X2SF,Rubus chamaemorus,0
X2C,Rubus chamaemorus,0
X3SF,Rubus chamaemorus,0
X3C,Rubus chamaemorus,0
X4SF,Rubus chamaemorus,0
X4C,Rubus chamaemorus,0
X5SF,Rubus chamaemorus,0
X5C,Rubus chamaemorus,0
D1SF,Salix arbuscula,0
D1C,Salix arbuscula,0
D2SF,Salix arbuscula,28
D2C,Salix arbuscula,1
D3SF,Salix arbuscula,0
D3C,Salix arbuscula,0
D4SF,Salix arbuscula,0
D4C,Salix arbuscula,0
D5SF,Salix arbuscula,28
D5C,Salix arbuscula,0
E1SF,Salix arbuscula,14
E1C,Salix arbuscula,0
E2SF,Salix arbuscula,0
E2C,Salix arbuscula,0
E3SF,Salix arbuscula,0
E3C,Salix arbuscula,0
E4SF,Salix arbuscula,0
E4C,Salix arbuscula,0
E5SF,Salix arbuscula,0
E5C,Salix arbuscula,0
X1SF,Salix arbuscula,0
X1C,Salix arbuscula,0
X2SF,Salix arbuscula,0
X2C,Salix arbuscula,0
X3SF,Salix arbuscula,0
X3C,Salix arbuscula,0
X4SF,Salix arbuscula,0
X4C,Salix arbuscula,0
X5SF,Salix arbuscula,0
X5C,Salix arbuscula,0
D1SF,Salix glauca,0
D1C,Salix glauca,0
D2SF,Salix glauca,0
D2C,Salix glauca,0
D3SF,Salix glauca,0
D3C,Salix glauca,0
D4SF,Salix glauca,0
D4C,Salix glauca,0
D5SF,Salix glauca,6
D5C,Salix glauca,15
E1SF,Salix glauca,0
E1C,Salix glauca,0
E2SF,Salix glauca,0
E2C,Salix glauca,0
E3SF,Salix glauca,0
E3C,Salix glauca,0
E4SF,Salix glauca,0
E4C,Salix glauca,0
E5SF,Salix glauca,0
E5C,Salix glauca,0
X1SF,Salix glauca,0
X1C,Salix glauca,0
X2SF,Salix glauca,0
X2C,Salix glauca,0
X3SF,Salix glauca,0
X3C,Salix glauca,0
X4SF,Salix glauca,0
X4C,Salix glauca,0
X5SF,Salix glauca,0
X5C,Salix glauca,0
D1SF,Salix lapponum,13
D1C,Salix lapponum,17
D2SF,Salix lapponum,0
D2C,Salix lapponum,6
D3SF,Salix lapponum,4
D3C,Salix lapponum,0
D4SF,Salix lapponum,1
D4C,Salix lapponum,1
D5SF,Salix lapponum,56
D5C,Salix lapponum,0
E1SF,Salix lapponum,0
E1C,Salix lapponum,0
E2SF,Salix lapponum,21
E2C,Salix lapponum,5
E3SF,Salix lapponum,0
E3C,Salix lapponum,1
E4SF,Salix lapponum,27
E4C,Salix lapponum,0
E5SF,Salix lapponum,38
E5C,Salix lapponum,0
X1SF,Salix lapponum,0
X1C,Salix lapponum,0
X2SF,Salix lapponum,0
X2C,Salix lapponum,0
X3SF,Salix lapponum,0
X3C,Salix lapponum,0
X4SF,Salix lapponum,0
X4C,Salix lapponum,0
X5SF,Salix lapponum,0
X5C,Salix lapponum,0
D1SF,Salix reticulata,0
D1C,Salix reticulata,0
D2SF,Salix reticulata,0
D2C,Salix reticulata,0
D3SF,Salix reticulata,0
D3C,Salix reticulata,0
D4SF,Salix reticulata,0
D4C,Salix reticulata,0
D5SF,Salix reticulata,0
D5C,Salix reticulata,2
E1SF,Salix reticulata,0
E1C,Salix reticulata,0
E2SF,Salix reticulata,0
E2C,Salix reticulata,0
E3SF,Salix reticulata,0
E3C,Salix reticulata,0
E4SF,Salix reticulata,0
E4C,Salix reticulata,0
E5SF,Salix reticulata,0
E5C,Salix reticulata,0
X1SF,Salix reticulata,0
X1C,Salix reticulata,0
X2SF,Salix reticulata,0
X2C,Salix reticulata,0
X3SF,Salix reticulata,0
X3C,Salix reticulata,0
X4SF,Salix reticulata,0
X4C,Salix reticulata,0
X5SF,Salix reticulata,0
X5C,Salix reticulata,0
D1SF,Saussurea alpina,0
D1C,Saussurea alpina,0
D2SF,Saussurea alpina,0
D2C,Saussurea alpina,0
D3SF,Saussurea alpina,0
D3C,Saussurea alpina,0
D4SF,Saussurea alpina,0
D4C,Saussurea alpina,0
D5SF,Saussurea alpina,0
D5C,Saussurea alpina,5
E1SF,Saussurea alpina,5
E1C,Saussurea alpina,0
E2SF,Saussurea alpina,0
E2C,Saussurea alpina,0
E3SF,Saussurea alpina,0
E3C,Saussurea alpina,0
E4SF,Saussurea alpina,0
E4C,Saussurea alpina,0
E5SF,Saussurea alpina,0
E5C,Saussurea alpina,0
X1SF,Saussurea alpina,0
X1C,Saussurea alpina,0
X2SF,Saussurea alpina,0
X2C,Saussurea alpina,0
X3SF,Saussurea alpina,0
X3C,Saussurea alpina,0
X4SF,Saussurea alpina,0
X4C,Saussurea alpina,0
X5SF,Saussurea alpina,0
X5C,Saussurea alpina,0
D1SF,Silene acaulis,6
D1C,Silene acaulis,0
D2SF,Silene acaulis,13
D2C,Silene acaulis,0
D3SF,Silene acaulis,0
D3C,Silene acaulis,0
D4SF,Silene acaulis,0
D4C,Silene acaulis,0
D5SF,Silene acaulis,3
D5C,Silene acaulis,3
E1SF,Silene acaulis,0
E1C,Silene acaulis,0
E2SF,Silene acaulis,0
E2C,Silene acaulis,0
E3SF,Silene acaulis,0
E3C,Silene acaulis,0
E4SF,Silene acaulis,0
E4C,Silene acaulis,0
E5SF,Silene acaulis,0
E5C,Silene acaulis,0
X1SF,Silene acaulis,0
X1C,Silene acaulis,0
X2SF,Silene acaulis,0
X2C,Silene acaulis,0
X3SF,Silene acaulis,0
X3C,Silene acaulis,0
X4SF,Silene acaulis,0
X4C,Silene acaulis,0
X5SF,Silene acaulis,0
X5C,Silene acaulis,0
D1SF,Thalictrum alpinum,0
D1C,Thalictrum alpinum,0
D2SF,Thalictrum alpinum,0
D2C,Thalictrum alpinum,0
D3SF,Thalictrum alpinum,0
D3C,Thalictrum alpinum,0
D4SF,Thalictrum alpinum,0
D4C,Thalictrum alpinum,0
D5SF,Thalictrum alpinum,0
D5C,Thalictrum alpinum,21
E1SF,Thalictrum alpinum,2
E1C,Thalictrum alpinum,0
E2SF,Thalictrum alpinum,0
E2C,Thalictrum alpinum,0
E3SF,Thalictrum alpinum,0
E3C,Thalictrum alpinum,0
E4SF,Thalictrum alpinum,0
E4C,Thalictrum alpinum,0
E5SF,Thalictrum alpinum,0
E5C,Thalictrum alpinum,0
X1SF,Thalictrum alpinum,0
X1C,Thalictrum alpinum,0
X2SF,Thalictrum alpinum,0
X2C,Thalictrum alpinum,0
X3SF,Thalictrum alpinum,0
X3C,Thalictrum alpinum,0
X4SF,Thalictrum alpinum,0
X4C,Thalictrum alpinum,0
X5SF,Thalictrum alpinum,0
X5C,Thalictrum alpinum,0
D1SF,Tofielda pusilla,26
D1C,Tofielda pusilla,21
D2SF,Tofielda pusilla,43
D2C,Tofielda pusilla,39
D3SF,Tofielda pusilla,15
D3C,Tofielda pusilla,52
D4SF,Tofielda pusilla,1
D4C,Tofielda pusilla,10
D5SF,Tofielda pusilla,0
D5C,Tofielda pusilla,0
E1SF,Tofielda pusilla,0
E1C,Tofielda pusilla,0
E2SF,Tofielda pusilla,0
E2C,Tofielda pusilla,0
E3SF,Tofielda pusilla,0
E3C,Tofielda pusilla,0
E4SF,Tofielda pusilla,0
E4C,Tofielda pusilla,0
E5SF,Tofielda pusilla,0
E5C,Tofielda pusilla,0
X1SF,Tofielda pusilla,0
X1C,Tofielda pusilla,0
X2SF,Tofielda pusilla,0
X2C,Tofielda pusilla,0
X3SF,Tofielda pusilla,0
X3C,Tofielda pusilla,0
X4SF,Tofielda pusilla,0
X4C,Tofielda pusilla,0
X5SF,Tofielda pusilla,1
X5C,Tofielda pusilla,0
D1SF,Trichophorum cespitosum,133
D1C,Trichophorum cespitosum,65
D2SF,Trichophorum cespitosum,174
D2C,Trichophorum cespitosum,252
D3SF,Trichophorum cespitosum,355
D3C,Trichophorum cespitosum,300
D4SF,Trichophorum cespitosum,4
D4C,Trichophorum cespitosum,2
D5SF,Trichophorum cespitosum,18
D5C,Trichophorum cespitosum,166
E1SF,Trichophorum cespitosum,0
E1C,Trichophorum cespitosum,0
E2SF,Trichophorum cespitosum,0
E2C,Trichophorum cespitosum,0
E3SF,Trichophorum cespitosum,0
E3C,Trichophorum cespitosum,0
E4SF,Trichophorum cespitosum,0
E4C,Trichophorum cespitosum,0
E5SF,Trichophorum cespitosum,0
E5C,Trichophorum cespitosum,0
X1SF,Trichophorum cespitosum,0
X1C,Trichophorum cespitosum,0
X2SF,Trichophorum cespitosum,0
X2C,Trichophorum cespitosum,0
X3SF,Trichophorum cespitosum,0
X3C,Trichophorum cespitosum,0
X4SF,Trichophorum cespitosum,0
X4C,Trichophorum cespitosum,0
X5SF,Trichophorum cespitosum,0
X5C,Trichophorum cespitosum,0
D1SF,Vaccinium microcarpum,0
D1C,Vaccinium microcarpum,0
D2SF,Vaccinium microcarpum,0
D2C,Vaccinium microcarpum,0
D3SF,Vaccinium microcarpum,0
D3C,Vaccinium microcarpum,1
D4SF,Vaccinium microcarpum,0
D4C,Vaccinium microcarpum,23
D5SF,Vaccinium microcarpum,0
D5C,Vaccinium microcarpum,0
E1SF,Vaccinium microcarpum,0
E1C,Vaccinium microcarpum,0
E2SF,Vaccinium microcarpum,0
E2C,Vaccinium microcarpum,0
E3SF,Vaccinium microcarpum,0
E3C,Vaccinium microcarpum,0
E4SF,Vaccinium microcarpum,0
E4C,Vaccinium microcarpum,0
E5SF,Vaccinium microcarpum,0
E5C,Vaccinium microcarpum,0
X1SF,Vaccinium microcarpum,0
X1C,Vaccinium microcarpum,0
X2SF,Vaccinium microcarpum,0
X2C,Vaccinium microcarpum,0
X3SF,Vaccinium microcarpum,0
X3C,Vaccinium microcarpum,0
X4SF,Vaccinium microcarpum,0
X4C,Vaccinium microcarpum,0
X5SF,Vaccinium microcarpum,0
X5C,Vaccinium microcarpum,0
D1SF,Vaccinium uliginosum,83
D1C,Vaccinium uliginosum,52
D2SF,Vaccinium uliginosum,29
D2C,Vaccinium uliginosum,1
D3SF,Vaccinium uliginosum,2
D3C,Vaccinium uliginosum,6
D4SF,Vaccinium uliginosum,32
D4C,Vaccinium uliginosum,11
D5SF,Vaccinium uliginosum,37
D5C,Vaccinium uliginosum,61
E1SF,Vaccinium uliginosum,45
E1C,Vaccinium uliginosum,73
E2SF,Vaccinium uliginosum,88
E2C,Vaccinium uliginosum,39
E3SF,Vaccinium uliginosum,72
E3C,Vaccinium uliginosum,26
E4SF,Vaccinium uliginosum,240
E4C,Vaccinium uliginosum,91
E5SF,Vaccinium uliginosum,77
E5C,Vaccinium uliginosum,87
X1SF,Vaccinium uliginosum,22
X1C,Vaccinium uliginosum,35
X2SF,Vaccinium uliginosum,31
X2C,Vaccinium uliginosum,29
X3SF,Vaccinium uliginosum,50
X3C,Vaccinium uliginosum,30
X4SF,Vaccinium uliginosum,53
X4C,Vaccinium uliginosum,35
X5SF,Vaccinium uliginosum,35
X5C,Vaccinium uliginosum,16
D1SF,Vaccinium vitis-idaea,0
D1C,Vaccinium vitis-idaea,2
D2SF,Vaccinium vitis-idaea,0
D2C,Vaccinium vitis-idaea,0
D3SF,Vaccinium vitis-idaea,0
D3C,Vaccinium vitis-idaea,0
D4SF,Vaccinium vitis-idaea,0
D4C,Vaccinium vitis-idaea,0
D5SF,Vaccinium vitis-idaea,10
D5C,Vaccinium vitis-idaea,0
E1SF,Vaccinium vitis-idaea,52
E1C,Vaccinium vitis-idaea,51
E2SF,Vaccinium vitis-idaea,37
E2C,Vaccinium vitis-idaea,66
E3SF,Vaccinium vitis-idaea,10
E3C,Vaccinium vitis-idaea,97
E4SF,Vaccinium vitis-idaea,0
E4C,Vaccinium vitis-idaea,0
E5SF,Vaccinium vitis-idaea,8
E5C,Vaccinium vitis-idaea,123
X1SF,Vaccinium vitis-idaea,42
X1C,Vaccinium vitis-idaea,0
X2SF,Vaccinium vitis-idaea,0
X2C,Vaccinium vitis-idaea,0
X3SF,Vaccinium vitis-idaea,0
X3C,Vaccinium vitis-idaea,0
X4SF,Vaccinium vitis-idaea,0
X4C,Vaccinium vitis-idaea,0
X5SF,Vaccinium vitis-idaea,0
X5C,Vaccinium vitis-idaea,0
D1SF,Vascular plant unknown,0
D1C,Vascular plant unknown,0
D2SF,Vascular plant unknown,0
D2C,Vascular plant unknown,0
D3SF,Vascular plant unknown,0
D3C,Vascular plant unknown,0
D4SF,Vascular plant unknown,0
D4C,Vascular plant unknown,7
D5SF,Vascular plant unknown,0
D5C,Vascular plant unknown,0
E1SF,Vascular plant unknown,2
E1C,Vascular plant unknown,0
E2SF,Vascular plant unknown,0
E2C,Vascular plant unknown,0
E3SF,Vascular plant unknown,0
E3C,Vascular plant unknown,0
E4SF,Vascular plant unknown,0
E4C,Vascular plant unknown,0
E5SF,Vascular plant unknown,0
E5C,Vascular plant unknown,0
X1SF,Vascular plant unknown,0
X1C,Vascular plant unknown,0
X2SF,Vascular plant unknown,0
X2C,Vascular plant unknown,0
X3SF,Vascular plant unknown,0
X3C,Vascular plant unknown,0
X4SF,Vascular plant unknown,0
X4C,Vascular plant unknown,0
X5SF,Vascular plant unknown,0
X5C,Vascular plant unknown,0
