species,plot,hits
Andromeda polifolia,D1SF,28
Andromeda polifolia,D1C,115
Andromeda polifolia,D2SF,22
Andromeda polifolia,D2C,48
Andromeda polifolia,D3SF,51
Andromeda polifolia,D3C,34
Andromeda polifolia,D4SF,40
Andromeda polifolia,D4C,69
Andromeda polifolia,D5SF,36
Andromeda polifolia,D5C,63
Andromeda polifolia,E1SF,0
Andromeda polifolia,E1C,0
Andromeda polifolia,E2SF,55
Andromeda polifolia,E2C,0
Andromeda polifolia,E3SF,0
Andromeda polifolia,E3C,28
Andromeda polifolia,E4SF,0
Andromeda polifolia,E4C,176
Andromeda polifolia,E5SF,22
Andromeda polifolia,E5C,0
Andromeda polifolia,X1SF,0
Andromeda polifolia,X1C,0
Andromeda polifolia,X2SF,0
Andromeda polifolia,X2C,0
Andromeda polifolia,X3SF,0
Andromeda polifolia,X3C,0
Andromeda polifolia,X4SF,0
Andromeda polifolia,X4C,0
Andromeda polifolia,X5SF,0
Andromeda polifolia,X5C,0
Arctous alpina,D1SF,4
Arctous alpina,D1C,0
Arctous alpina,D2SF,4
Arctous alpina,D2C,0
Arctous alpina,D3SF,0
Arctous alpina,D3C,0
Arctous alpina,D4SF,1
Arctous alpina,D4C,1
Arctous alpina,D5SF,13
Arctous alpina,D5C,0
Arctous alpina,E1SF,3
Arctous alpina,E1C,42
Arctous alpina,E2SF,14
Arctous alpina,E2C,18
Arctous alpina,E3SF,13
Arctous alpina,E3C,0
Arctous alpina,E4SF,69
Arctous alpina,E4C,16
Arctous alpina,E5SF,4
Arctous alpina,E5C,6
Arctous alpina,X1SF,0
Arctous alpina,X1C,2
Arctous alpina,X2SF,11
Arctous alpina,X2C,0
Arctous alpina,X3SF,0
Arctous alpina,X3C,0
Arctous alpina,X4SF,1
Arctous alpina,X4C,7
Arctous alpina,X5SF,0
Arctous alpina,X5C,0
Astragalus alpinus,D1SF,0
Astragalus alpinus,D1C,0
Astragalus alpinus,D2SF,0
Astragalus alpinus,D2C,0
Astragalus alpinus,D3SF,0
Astragalus alpinus,D3C,0
Astragalus alpinus,D4SF,0
Astragalus alpinus,D4C,0
Astragalus alpinus,D5SF,46
Astragalus alpinus,D5C,16
Astragalus alpinus,E1SF,2
Astragalus alpinus,E1C,0
Astragalus alpinus,E2SF,0
Astragalus alpinus,E2C,0
Astragalus alpinus,E3SF,0
Astragalus alpinus,E3C,0
Astragalus alpinus,E4SF,0
Astragalus alpinus,E4C,34
Astragalus alpinus,E5SF,0
Astragalus alpinus,E5C,0
Astragalus alpinus,X1SF,0
Astragalus alpinus,X1C,0
Astragalus alpinus,X2SF,0
Astragalus alpinus,X2C,0
Astragalus alpinus,X3SF,0
Astragalus alpinus,X3C,0
Astragalus alpinus,X4SF,0
Astragalus alpinus,X4C,4
Astragalus alpinus,X5SF,0
Astragalus alpinus,X5C,0
Bartsia alpina,D1SF,7
Bartsia alpina,D1C,7
Bartsia alpina,D2SF,7
Bartsia alpina,D2C,2
Bartsia alpina,D3SF,4
Bartsia alpina,D3C,1
Bartsia alpina,D4SF,5
Bartsia alpina,D4C,8
Bartsia alpina,D5SF,12
Bartsia alpina,D5C,14
Bartsia alpina,E1SF,0
Bartsia alpina,E1C,0
Bartsia alpina,E2SF,0
Bartsia alpina,E2C,0
Bartsia alpina,E3SF,0
Bartsia alpina,E3C,0
Bartsia alpina,E4SF,0
Bartsia alpina,E4C,1
Bartsia alpina,E5SF,0
Bartsia alpina,E5C,0
Bartsia alpina,X1SF,0
Bartsia alpina,X1C,0
Bartsia alpina,X2SF,0
Bartsia alpina,X2C,0
Bartsia alpina,X3SF,0
Bartsia alpina,X3C,0
Bartsia alpina,X4SF,0
Bartsia alpina,X4C,0
Bartsia alpina,X5SF,0
Bartsia alpina,X5C,0
Betula nana,D1SF,72
Betula nana,D1C,55
Betula nana,D2SF,24
Betula nana,D2C,33
Betula nana,D3SF,14
Betula nana,D3C,15
Betula nana,D4SF,29
Betula nana,D4C,29
Betula nana,D5SF,97
Betula nana,D5C,58
Betula nana,E1SF,292
Betula nana,E1C,84
Betula nana,E2SF,121
Betula nana,E2C,65
Betula nana,E3SF,139
Betula nana,E3C,54
Betula nana,E4SF,261
Betula nana,E4C,78
Betula nana,E5SF,76
Betula nana,E5C,105
Betula nana,X1SF,114
Betula nana,X1C,60
Betula nana,X2SF,49
Betula nana,X2C,3
Betula nana,X3SF,39
Betula nana,X3C,14
Betula nana,X4SF,49
Betula nana,X4C,28
Betula nana,X5SF,13
Betula nana,X5C,0
Bistorta vivipara,D1SF,16
Bistorta vivipara,D1C,9
Bistorta vivipara,D2SF,10
Bistorta vivipara,D2C,6
Bistorta vivipara,D3SF,8
Bistorta vivipara,D3C,1
Bistorta vivipara,D4SF,6
Bistorta vivipara,D4C,18
Bistorta vivipara,D5SF,46
Bistorta vivipara,D5C,51
Bistorta vivipara,E1SF,0
Bistorta vivipara,E1C,2
Bistorta vivipara,E2SF,0
Bistorta vivipara,E2C,0
Bistorta vivipara,E3SF,0
Bistorta vivipara,E3C,0
Bistorta vivipara,E4SF,2
Bistorta vivipara,E4C,0
Bistorta vivipara,E5SF,0
Bistorta vivipara,E5C,0
Bistorta vivipara,X1SF,0
Bistorta vivipara,X1C,0
Bistorta vivipara,X2SF,0
Bistorta vivipara,X2C,0
Bistorta vivipara,X3SF,0
Bistorta vivipara,X3C,0
Bistorta vivipara,X4SF,0
Bistorta vivipara,X4C,0
Bistorta vivipara,X5SF,0
Bistorta vivipara,X5C,0
Calamagrostis lapponicum,D1SF,0
Calamagrostis lapponicum,D1C,0
Calamagrostis lapponicum,D2SF,0
Calamagrostis lapponicum,D2C,0
Calamagrostis lapponicum,D3SF,0
Calamagrostis lapponicum,D3C,0
Calamagrostis lapponicum,D4SF,0
Calamagrostis lapponicum,D4C,0
Calamagrostis lapponicum,D5SF,0
Calamagrostis lapponicum,D5C,0
Calamagrostis lapponicum,E1SF,8
Calamagrostis lapponicum,E1C,0
Calamagrostis lapponicum,E2SF,13
Calamagrostis lapponicum,E2C,18
Calamagrostis lapponicum,E3SF,46
Calamagrostis lapponicum,E3C,8
Calamagrostis lapponicum,E4SF,34
Calamagrostis lapponicum,E4C,11
Calamagrostis lapponicum,E5SF,21
Calamagrostis lapponicum,E5C,30
Calamagrostis lapponicum,X1SF,0
Calamagrostis lapponicum,X1C,0
Calamagrostis lapponicum,X2SF,0
Calamagrostis lapponicum,X2C,0
Calamagrostis lapponicum,X3SF,0
Calamagrostis lapponicum,X3C,0
Calamagrostis lapponicum,X4SF,0
Calamagrostis lapponicum,X4C,0
Calamagrostis lapponicum,X5SF,0
Calamagrostis lapponicum,X5C,0
Carex bigelowii,D1SF,2
Carex bigelowii,D1C,0
Carex bigelowii,D2SF,3
Carex bigelowii,D2C,3
Carex bigelowii,D3SF,15
Carex bigelowii,D3C,0
Carex bigelowii,D4SF,0
Carex bigelowii,D4C,0
Carex bigelowii,D5SF,4
Carex bigelowii,D5C,0
Carex bigelowii,E1SF,22
Carex bigelowii,E1C,2
Carex bigelowii,E2SF,0
Carex bigelowii,E2C,0
Carex bigelowii,E3SF,1
Carex bigelowii,E3C,0
Carex bigelowii,E4SF,0
Carex bigelowii,E4C,5
Carex bigelowii,E5SF,9
Carex bigelowii,E5C,0
Carex bigelowii,X1SF,0
Carex bigelowii,X1C,0
Carex bigelowii,X2SF,0
Carex bigelowii,X2C,0
Carex bigelowii,X3SF,0
Carex bigelowii,X3C,0
Carex bigelowii,X4SF,0
Carex bigelowii,X4C,0
Carex bigelowii,X5SF,0
Carex bigelowii,X5C,0
Carex capillaris,D1SF,29
Carex capillaris,D1C,53
Carex capillaris,D2SF,61
Carex capillaris,D2C,80
Carex capillaris,D3SF,31
Carex capillaris,D3C,16
Carex capillaris,D4SF,70
Carex capillaris,D4C,20
Carex capillaris,D5SF,41
Carex capillaris,D5C,179
Carex capillaris,E1SF,0
Carex capillaris,E1C,0
Carex capillaris,E2SF,0
Carex capillaris,E2C,0
Carex capillaris,E3SF,0
Carex capillaris,E3C,0
Carex capillaris,E4SF,0
Carex capillaris,E4C,0
Carex capillaris,E5SF,0
Carex capillaris,E5C,0
Carex capillaris,X1SF,0
Carex capillaris,X1C,0
Carex capillaris,X2SF,0
Carex capillaris,X2C,0
Carex capillaris,X3SF,0
Carex capillaris,X3C,0
Carex capillaris,X4SF,0
Carex capillaris,X4C,0
Carex capillaris,X5SF,0
Carex capillaris,X5C,0
Carex dioica,D1SF,17
Carex dioica,D1C,66
Carex dioica,D2SF,64
Carex dioica,D2C,43
Carex dioica,D3SF,116
Carex dioica,D3C,101
Carex dioica,D4SF,117
Carex dioica,D4C,179
Carex dioica,D5SF,0
Carex dioica,D5C,0
Carex dioica,E1SF,0
Carex dioica,E1C,0
Carex dioica,E2SF,0
Carex dioica,E2C,0
Carex dioica,E3SF,0
Carex dioica,E3C,0
Carex dioica,E4SF,0
Carex dioica,E4C,0
Carex dioica,E5SF,0
Carex dioica,E5C,0
Carex dioica,X1SF,0
Carex dioica,X1C,0
Carex dioica,X2SF,0
Carex dioica,X2C,0
Carex dioica,X3SF,0
Carex dioica,X3C,0
Carex dioica,X4SF,0
Carex dioica,X4C,0
Carex dioica,X5SF,0
Carex dioica,X5C,0
Carex nigra,D1SF,0
Carex nigra,D1C,41
Carex nigra,D2SF,1
Carex nigra,D2C,0
Carex nigra,D3SF,0
Carex nigra,D3C,0
Carex nigra,D4SF,0
Carex nigra,D4C,0
Carex nigra,D5SF,0
Carex nigra,D5C,0
Carex nigra,E1SF,0
Carex nigra,E1C,0
Carex nigra,E2SF,0
Carex nigra,E2C,0
Carex nigra,E3SF,0
Carex nigra,E3C,0
Carex nigra,E4SF,0
Carex nigra,E4C,0
Carex nigra,E5SF,0
Carex nigra,E5C,0
Carex nigra,X1SF,0
Carex nigra,X1C,0
Carex nigra,X2SF,0
Carex nigra,X2C,0
Carex nigra,X3SF,0
Carex nigra,X3C,0
Carex nigra,X4SF,0
Carex nigra,X4C,0
Carex nigra,X5SF,0
Carex nigra,X5C,0
Carex rupestris,D1SF,76
Carex rupestris,D1C,33
Carex rupestris,D2SF,138
Carex rupestris,D2C,3
Carex rupestris,D3SF,7
Carex rupestris,D3C,0
Carex rupestris,D4SF,10
Carex rupestris,D4C,2
Carex rupestris,D5SF,4
Carex rupestris,D5C,0
Carex rupestris,E1SF,0
Carex rupestris,E1C,0
Carex rupestris,E2SF,0
Carex rupestris,E2C,0
Carex rupestris,E3SF,0
Carex rupestris,E3C,0
Carex rupestris,E4SF,0
Carex rupestris,E4C,0
Carex rupestris,E5SF,0
Carex rupestris,E5C,0
Carex rupestris,X1SF,0
Carex rupestris,X1C,0
Carex rupestris,X2SF,0
Carex rupestris,X2C,0
Carex rupestris,X3SF,0
Carex rupestris,X3C,0
Carex rupestris,X4SF,0
Carex rupestris,X4C,0
Carex rupestris,X5SF,0
Carex rupestris,X5C,0
Carex vaginatum,D1SF,24
Carex vaginatum,D1C,34
Carex vaginatum,D2SF,5
Carex vaginatum,D2C,22
Carex vaginatum,D3SF,9
Carex vaginatum,D3C,0
Carex vaginatum,D4SF,117
Carex vaginatum,D4C,211
Carex vaginatum,D5SF,153
Carex vaginatum,D5C,90
Carex vaginatum,E1SF,0
Carex vaginatum,E1C,0
Carex vaginatum,E2SF,0
Carex vaginatum,E2C,0
Carex vaginatum,E3SF,1
Carex vaginatum,E3C,0
Carex vaginatum,E4SF,2
Carex vaginatum,E4C,7
Carex vaginatum,E5SF,0
Carex vaginatum,E5C,0
Carex vaginatum,X1SF,0
Carex vaginatum,X1C,0
Carex vaginatum,X2SF,0
Carex vaginatum,X2C,0
Carex vaginatum,X3SF,0
Carex vaginatum,X3C,0
Carex vaginatum,X4SF,0
Carex vaginatum,X4C,0
Carex vaginatum,X5SF,0
Carex vaginatum,X5C,0
Cassiope tetragona,D1SF,2
Cassiope tetragona,D1C,0
Cassiope tetragona,D2SF,0
Cassiope tetragona,D2C,0
Cassiope tetragona,D3SF,0
Cassiope tetragona,D3C,0
Cassiope tetragona,D4SF,0
Cassiope tetragona,D4C,0
Cassiope tetragona,D5SF,0
Cassiope tetragona,D5C,0
Cassiope tetragona,E1SF,0
Cassiope tetragona,E1C,0
Cassiope tetragona,E2SF,0
Cassiope tetragona,E2C,0
Cassiope tetragona,E3SF,0
Cassiope tetragona,E3C,0
Cassiope tetragona,E4SF,0
Cassiope tetragona,E4C,0
Cassiope tetragona,E5SF,0
Cassiope tetragona,E5C,0
Cassiope tetragona,X1SF,0
Cassiope tetragona,X1C,0
Cassiope tetragona,X2SF,0
Cassiope tetragona,X2C,0
Cassiope tetragona,X3SF,0
Cassiope tetragona,X3C,0
Cassiope tetragona,X4SF,0
Cassiope tetragona,X4C,0
Cassiope tetragona,X5SF,0
Cassiope tetragona,X5C,0
Deschampsia sp.,D1SF,0
Deschampsia sp.,D1C,0
Deschampsia sp.,D2SF,0
Deschampsia sp.,D2C,0
Deschampsia sp.,D3SF,0
Deschampsia sp.,D3C,0
Deschampsia sp.,D4SF,0
Deschampsia sp.,D4C,0
Deschampsia sp.,D5SF,4
Deschampsia sp.,D5C,0
Deschampsia sp.,E1SF,0
Deschampsia sp.,E1C,0
Deschampsia sp.,E2SF,0
Deschampsia sp.,E2C,0
Deschampsia sp.,E3SF,0
Deschampsia sp.,E3C,0
Deschampsia sp.,E4SF,0
Deschampsia sp.,E4C,0
Deschampsia sp.,E5SF,0
Deschampsia sp.,E5C,0
Deschampsia sp.,X1SF,0
Deschampsia sp.,X1C,0
Deschampsia sp.,X2SF,0
Deschampsia sp.,X2C,0
Deschampsia sp.,X3SF,0
Deschampsia sp.,X3C,0
Deschampsia sp.,X4SF,0
Deschampsia sp.,X4C,0
Deschampsia sp.,X5SF,0
Deschampsia sp.,X5C,0
Diapensia lapponica,D1SF,2
Diapensia lapponica,D1C,0
Diapensia lapponica,D2SF,0
Diapensia lapponica,D2C,0
Diapensia lapponica,D3SF,0
Diapensia lapponica,D3C,0
Diapensia lapponica,D4SF,0
Diapensia lapponica,D4C,0
Diapensia lapponica,D5SF,0
Diapensia lapponica,D5C,0
Diapensia lapponica,E1SF,0
Diapensia lapponica,E1C,0
Diapensia lapponica,E2SF,0
Diapensia lapponica,E2C,3
Diapensia lapponica,E3SF,0
Diapensia lapponica,E3C,0
Diapensia lapponica,E4SF,0
Diapensia lapponica,E4C,1
Diapensia lapponica,E5SF,0
Diapensia lapponica,E5C,0
Diapensia lapponica,X1SF,0
Diapensia lapponica,X1C,2
Diapensia lapponica,X2SF,8
Diapensia lapponica,X2C,3
Diapensia lapponica,X3SF,9
Diapensia lapponica,X3C,0
Diapensia lapponica,X4SF,0
Diapensia lapponica,X4C,0
Diapensia lapponica,X5SF,2
Diapensia lapponica,X5C,9
Dryas octopetala,D1SF,0
Dryas octopetala,D1C,0
Dryas octopetala,D2SF,3
Dryas octopetala,D2C,6
Dryas octopetala,D3SF,0
Dryas octopetala,D3C,0
Dryas octopetala,D4SF,0
Dryas octopetala,D4C,0
Dryas octopetala,D5SF,0
Dryas octopetala,D5C,0
Dryas octopetala,E1SF,0
Dryas octopetala,E1C,0
Dryas octopetala,E2SF,0
Dryas octopetala,E2C,0
Dryas octopetala,E3SF,0
Dryas octopetala,E3C,0
Dryas octopetala,E4SF,1
Dryas octopetala,E4C,0
Dryas octopetala,E5SF,0
Dryas octopetala,E5C,0
Dryas octopetala,X1SF,0
Dryas octopetala,X1C,0
Dryas octopetala,X2SF,1
Dryas octopetala,X2C,40
Dryas octopetala,X3SF,0
Dryas octopetala,X3C,0
Dryas octopetala,X4SF,0
Dryas octopetala,X4C,0
Dryas octopetala,X5SF,12
Dryas octopetala,X5C,11
Empetrum nigrum,D1SF,62
Empetrum nigrum,D1C,139
Empetrum nigrum,D2SF,16
Empetrum nigrum,D2C,7
Empetrum nigrum,D3SF,2
Empetrum nigrum,D3C,4
Empetrum nigrum,D4SF,170
Empetrum nigrum,D4C,63
Empetrum nigrum,D5SF,263
Empetrum nigrum,D5C,0
Empetrum nigrum,E1SF,470
Empetrum nigrum,E1C,630
Empetrum nigrum,E2SF,614
Empetrum nigrum,E2C,639
Empetrum nigrum,E3SF,770
Empetrum nigrum,E3C,1345
Empetrum nigrum,E4SF,440
Empetrum nigrum,E4C,965
Empetrum nigrum,E5SF,455
Empetrum nigrum,E5C,607
Empetrum nigrum,X1SF,93
Empetrum nigrum,X1C,212
Empetrum nigrum,X2SF,56
Empetrum nigrum,X2C,58
Empetrum nigrum,X3SF,103
Empetrum nigrum,X3C,24
Empetrum nigrum,X4SF,114
Empetrum nigrum,X4C,186
Empetrum nigrum,X5SF,42
Empetrum nigrum,X5C,15
Equisetum arvense,D1SF,0
Equisetum arvense,D1C,0
Equisetum arvense,D2SF,0
Equisetum arvense,D2C,0
Equisetum arvense,D3SF,0
Equisetum arvense,D3C,0
Equisetum arvense,D4SF,0
Equisetum arvense,D4C,0
Equisetum arvense,D5SF,0
Equisetum arvense,D5C,0
Equisetum arvense,E1SF,0
Equisetum arvense,E1C,0
Equisetum arvense,E2SF,0
Equisetum arvense,E2C,0
Equisetum arvense,E3SF,0
Equisetum arvense,E3C,0
Equisetum arvense,E4SF,0
Equisetum arvense,E4C,0
Equisetum arvense,E5SF,0
Equisetum arvense,E5C,0
Equisetum arvense,X1SF,0
Equisetum arvense,X1C,0
Equisetum arvense,X2SF,0
Equisetum arvense,X2C,0
Equisetum arvense,X3SF,0
Equisetum arvense,X3C,0
Equisetum arvense,X4SF,0
Equisetum arvense,X4C,0
Equisetum arvense,X5SF,0
Equisetum arvense,X5C,0
Equisetum pratense,D1SF,1
Equisetum pratense,D1C,29
Equisetum pratense,D2SF,0
Equisetum pratense,D2C,0
Equisetum pratense,D3SF,0
Equisetum pratense,D3C,0
Equisetum pratense,D4SF,0
Equisetum pratense,D4C,0
Equisetum pratense,D5SF,0
Equisetum pratense,D5C,46
Equisetum pratense,E1SF,0
Equisetum pratense,E1C,0
Equisetum pratense,E2SF,0
Equisetum pratense,E2C,10
Equisetum pratense,E3SF,0
Equisetum pratense,E3C,20
Equisetum pratense,E4SF,1
Equisetum pratense,E4C,0
Equisetum pratense,E5SF,48
Equisetum pratense,E5C,0
Equisetum pratense,X1SF,0
Equisetum pratense,X1C,0
Equisetum pratense,X2SF,0
Equisetum pratense,X2C,0
Equisetum pratense,X3SF,0
Equisetum pratense,X3C,0
Equisetum pratense,X4SF,0
Equisetum pratense,X4C,0
Equisetum pratense,X5SF,0
Equisetum pratense,X5C,0
Equisetum scirpoides,D1SF,9
Equisetum scirpoides,D1C,2
Equisetum scirpoides,D2SF,37
Equisetum scirpoides,D2C,36
Equisetum scirpoides,D3SF,33
Equisetum scirpoides,D3C,2
Equisetum scirpoides,D4SF,46
Equisetum scirpoides,D4C,2
Equisetum scirpoides,D5SF,1
Equisetum scirpoides,D5C,17
Equisetum scirpoides,E1SF,0
Equisetum scirpoides,E1C,0
Equisetum scirpoides,E2SF,0
Equisetum scirpoides,E2C,0
Equisetum scirpoides,E3SF,0
Equisetum scirpoides,E3C,12
Equisetum scirpoides,E4SF,2
Equisetum scirpoides,E4C,59
Equisetum scirpoides,E5SF,84
Equisetum scirpoides,E5C,0
Equisetum scirpoides,X1SF,0
Equisetum scirpoides,X1C,0
Equisetum scirpoides,X2SF,0
Equisetum scirpoides,X2C,0
Equisetum scirpoides,X3SF,0
Equisetum scirpoides,X3C,0
Equisetum scirpoides,X4SF,0
Equisetum scirpoides,X4C,0
Equisetum scirpoides,X5SF,0
Equisetum scirpoides,X5C,0
Eriophorum latifolium,D1SF,0
Eriophorum latifolium,D1C,1
Eriophorum latifolium,D2SF,0
Eriophorum latifolium,D2C,0
Eriophorum latifolium,D3SF,1
Eriophorum latifolium,D3C,1
Eriophorum latifolium,D4SF,2
Eriophorum latifolium,D4C,3
Eriophorum latifolium,D5SF,0
Eriophorum latifolium,D5C,0
Eriophorum latifolium,E1SF,0
Eriophorum latifolium,E1C,0
Eriophorum latifolium,E2SF,0
Eriophorum latifolium,E2C,0
Eriophorum latifolium,E3SF,0
Eriophorum latifolium,E3C,0
Eriophorum latifolium,E4SF,0
Eriophorum latifolium,E4C,0
Eriophorum latifolium,E5SF,0
Eriophorum latifolium,E5C,0
Eriophorum latifolium,X1SF,0
Eriophorum latifolium,X1C,0
Eriophorum latifolium,X2SF,0
Eriophorum latifolium,X2C,0
Eriophorum latifolium,X3SF,0
Eriophorum latifolium,X3C,0
Eriophorum latifolium,X4SF,0
Eriophorum latifolium,X4C,0
Eriophorum latifolium,X5SF,0
Eriophorum latifolium,X5C,0
Eriophorum vaginatum,D1SF,0
Eriophorum vaginatum,D1C,0
Eriophorum vaginatum,D2SF,0
Eriophorum vaginatum,D2C,0
Eriophorum vaginatum,D3SF,6
Eriophorum vaginatum,D3C,3
Eriophorum vaginatum,D4SF,0
Eriophorum vaginatum,D4C,0
Eriophorum vaginatum,D5SF,0
Eriophorum vaginatum,D5C,0
Eriophorum vaginatum,E1SF,0
Eriophorum vaginatum,E1C,0
Eriophorum vaginatum,E2SF,0
Eriophorum vaginatum,E2C,0
Eriophorum vaginatum,E3SF,0
Eriophorum vaginatum,E3C,0
Eriophorum vaginatum,E4SF,0
Eriophorum vaginatum,E4C,0
Eriophorum vaginatum,E5SF,0
Eriophorum vaginatum,E5C,0
Eriophorum vaginatum,X1SF,0
Eriophorum vaginatum,X1C,0
Eriophorum vaginatum,X2SF,0
Eriophorum vaginatum,X2C,0
Eriophorum vaginatum,X3SF,0
Eriophorum vaginatum,X3C,0
Eriophorum vaginatum,X4SF,0
Eriophorum vaginatum,X4C,0
Eriophorum vaginatum,X5SF,0
Eriophorum vaginatum,X5C,0
Euphrasia frigida,D1SF,0
Euphrasia frigida,D1C,0
Euphrasia frigida,D2SF,0
Euphrasia frigida,D2C,0
Euphrasia frigida,D3SF,0
Euphrasia frigida,D3C,0
Euphrasia frigida,D4SF,0
Euphrasia frigida,D4C,0
Euphrasia frigida,D5SF,3
Euphrasia frigida,D5C,0
Euphrasia frigida,E1SF,0
Euphrasia frigida,E1C,0
Euphrasia frigida,E2SF,0
Euphrasia frigida,E2C,0
Euphrasia frigida,E3SF,0
Euphrasia frigida,E3C,0
Euphrasia frigida,E4SF,0
Euphrasia frigida,E4C,8
Euphrasia frigida,E5SF,0
Euphrasia frigida,E5C,0
Euphrasia frigida,X1SF,0
Euphrasia frigida,X1C,0
Euphrasia frigida,X2SF,0
Euphrasia frigida,X2C,0
Euphrasia frigida,X3SF,0
Euphrasia frigida,X3C,0
Euphrasia frigida,X4SF,0
Euphrasia frigida,X4C,0
Euphrasia frigida,X5SF,0
Euphrasia frigida,X5C,0
Festuca ovina,D1SF,0
Festuca ovina,D1C,0
Festuca ovina,D2SF,0
Festuca ovina,D2C,0
Festuca ovina,D3SF,0
Festuca ovina,D3C,0
Festuca ovina,D4SF,0
Festuca ovina,D4C,0
Festuca ovina,D5SF,175
Festuca ovina,D5C,14
Festuca ovina,E1SF,167
Festuca ovina,E1C,12
Festuca ovina,E2SF,0
Festuca ovina,E2C,0
Festuca ovina,E3SF,0
Festuca ovina,E3C,0
Festuca ovina,E4SF,38
Festuca ovina,E4C,0
Festuca ovina,E5SF,0
Festuca ovina,E5C,0
Festuca ovina,X1SF,1
Festuca ovina,X1C,0
Festuca ovina,X2SF,0
Festuca ovina,X2C,6
Festuca ovina,X3SF,0
Festuca ovina,X3C,0
Festuca ovina,X4SF,0
Festuca ovina,X4C,0
Festuca ovina,X5SF,0
Festuca ovina,X5C,0
Huperzia selago,D1SF,3
Huperzia selago,D1C,0
Huperzia selago,D2SF,1
Huperzia selago,D2C,7
Huperzia selago,D3SF,0
Huperzia selago,D3C,3
Huperzia selago,D4SF,0
Huperzia selago,D4C,0
Huperzia selago,D5SF,6
Huperzia selago,D5C,14
Huperzia selago,E1SF,0
Huperzia selago,E1C,0
Huperzia selago,E2SF,0
Huperzia selago,E2C,0
Huperzia selago,E3SF,0
Huperzia selago,E3C,0
Huperzia selago,E4SF,0
Huperzia selago,E4C,0
Huperzia selago,E5SF,0
Huperzia selago,E5C,0
Huperzia selago,X1SF,0
Huperzia selago,X1C,0
Huperzia selago,X2SF,0
Huperzia selago,X2C,0
Huperzia selago,X3SF,0
Huperzia selago,X3C,0
Huperzia selago,X4SF,0
Huperzia selago,X4C,0
Huperzia selago,X5SF,0
Huperzia selago,X5C,0
Juncus trifidus,D1SF,0
Juncus trifidus,D1C,0
Juncus trifidus,D2SF,0
Juncus trifidus,D2C,0
Juncus trifidus,D3SF,0
Juncus trifidus,D3C,0
Juncus trifidus,D4SF,0
Juncus trifidus,D4C,0
Juncus trifidus,D5SF,0
Juncus trifidus,D5C,0
Juncus trifidus,E1SF,0
Juncus trifidus,E1C,0
Juncus trifidus,E2SF,0
Juncus trifidus,E2C,0
Juncus trifidus,E3SF,0
Juncus trifidus,E3C,0
Juncus trifidus,E4SF,0
Juncus trifidus,E4C,0
Juncus trifidus,E5SF,0
Juncus trifidus,E5C,0
Juncus trifidus,X1SF,10
Juncus trifidus,X1C,0
Juncus trifidus,X2SF,0
Juncus trifidus,X2C,0
Juncus trifidus,X3SF,4
Juncus trifidus,X3C,0
Juncus trifidus,X4SF,4
Juncus trifidus,X4C,1
Juncus trifidus,X5SF,4
Juncus trifidus,X5C,1
Linnaea borealis,D1SF,0
Linnaea borealis,D1C,0
Linnaea borealis,D2SF,0
Linnaea borealis,D2C,0
Linnaea borealis,D3SF,0
Linnaea borealis,D3C,0
Linnaea borealis,D4SF,0
Linnaea borealis,D4C,0
Linnaea borealis,D5SF,0
Linnaea borealis,D5C,0
Linnaea borealis,E1SF,2
Linnaea borealis,E1C,0
Linnaea borealis,E2SF,0
Linnaea borealis,E2C,30
Linnaea borealis,E3SF,0
Linnaea borealis,E3C,0
Linnaea borealis,E4SF,0
Linnaea borealis,E4C,0
Linnaea borealis,E5SF,0
Linnaea borealis,E5C,0
Linnaea borealis,X1SF,0
Linnaea borealis,X1C,0
Linnaea borealis,X2SF,0
Linnaea borealis,X2C,0
Linnaea borealis,X3SF,0
Linnaea borealis,X3C,0
Linnaea borealis,X4SF,0
Linnaea borealis,X4C,0
Linnaea borealis,X5SF,0
Linnaea borealis,X5C,0
Loiseleuria procumbens,D1SF,0
Loiseleuria procumbens,D1C,0
Loiseleuria procumbens,D2SF,0
Loiseleuria procumbens,D2C,0
Loiseleuria procumbens,D3SF,0
Loiseleuria procumbens,D3C,0
Loiseleuria procumbens,D4SF,0
Loiseleuria procumbens,D4C,0
Loiseleuria procumbens,D5SF,0
Loiseleuria procumbens,D5C,0
Loiseleuria procumbens,E1SF,0
Loiseleuria procumbens,E1C,0
Loiseleuria procumbens,E2SF,0
Loiseleuria procumbens,E2C,4
Loiseleuria procumbens,E3SF,21
Loiseleuria procumbens,E3C,0
Loiseleuria procumbens,E4SF,0
Loiseleuria procumbens,E4C,0
Loiseleuria procumbens,E5SF,26
Loiseleuria procumbens,E5C,0
Loiseleuria procumbens,X1SF,6
Loiseleuria procumbens,X1C,113
Loiseleuria procumbens,X2SF,83
Loiseleuria procumbens,X2C,17
Loiseleuria procumbens,X3SF,23
Loiseleuria procumbens,X3C,6
Loiseleuria procumbens,X4SF,22
Loiseleuria procumbens,X4C,0
Loiseleuria procumbens,X5SF,103
Loiseleuria procumbens,X5C,41
Luzula spicata,D1SF,0
Luzula spicata,D1C,0
Luzula spicata,D2SF,0
Luzula spicata,D2C,0
Luzula spicata,D3SF,0
Luzula spicata,D3C,0
Luzula spicata,D4SF,0
Luzula spicata,D4C,0
Luzula spicata,D5SF,1
Luzula spicata,D5C,2
Luzula spicata,E1SF,0
Luzula spicata,E1C,0
Luzula spicata,E2SF,0
Luzula spicata,E2C,0
Luzula spicata,E3SF,0
Luzula spicata,E3C,0
Luzula spicata,E4SF,0
Luzula spicata,E4C,0
Luzula spicata,E5SF,0
Luzula spicata,E5C,0
Luzula spicata,X1SF,0
Luzula spicata,X1C,0
Luzula spicata,X2SF,0
Luzula spicata,X2C,0
Luzula spicata,X3SF,0
Luzula spicata,X3C,0
Luzula spicata,X4SF,0
Luzula spicata,X4C,0
Luzula spicata,X5SF,0
Luzula spicata,X5C,0
Pedicularis lapponicum,D1SF,0
Pedicularis lapponicum,D1C,0
Pedicularis lapponicum,D2SF,2
Pedicularis lapponicum,D2C,0
Pedicularis lapponicum,D3SF,0
Pedicularis lapponicum,D3C,0
Pedicularis lapponicum,D4SF,0
Pedicularis lapponicum,D4C,0
Pedicularis lapponicum,D5SF,0
Pedicularis lapponicum,D5C,0
Pedicularis lapponicum,E1SF,5
Pedicularis lapponicum,E1C,0
Pedicularis lapponicum,E2SF,0
Pedicularis lapponicum,E2C,0
Pedicularis lapponicum,E3SF,0
Pedicularis lapponicum,E3C,0
Pedicularis lapponicum,E4SF,1
Pedicularis lapponicum,E4C,1
Pedicularis lapponicum,E5SF,4
Pedicularis lapponicum,E5C,0
Pedicularis lapponicum,X1SF,0
Pedicularis lapponicum,X1C,0
Pedicularis lapponicum,X2SF,0
Pedicularis lapponicum,X2C,0
Pedicularis lapponicum,X3SF,0
Pedicularis lapponicum,X3C,0
Pedicularis lapponicum,X4SF,0
Pedicularis lapponicum,X4C,2
Pedicularis lapponicum,X5SF,0
Pedicularis lapponicum,X5C,0
Phylodoce caerulea,D1SF,0
Phylodoce caerulea,D1C,0
Phylodoce caerulea,D2SF,0
Phylodoce caerulea,D2C,0
Phylodoce caerulea,D3SF,0
Phylodoce caerulea,D3C,0
Phylodoce caerulea,D4SF,0
Phylodoce caerulea,D4C,0
Phylodoce caerulea,D5SF,0
Phylodoce caerulea,D5C,0
Phylodoce caerulea,E1SF,0
Phylodoce caerulea,E1C,0
Phylodoce caerulea,E2SF,0
Phylodoce caerulea,E2C,0
Phylodoce caerulea,E3SF,0
Phylodoce caerulea,E3C,0
Phylodoce caerulea,E4SF,0
Phylodoce caerulea,E4C,0
Phylodoce caerulea,E5SF,0
Phylodoce caerulea,E5C,0
Phylodoce caerulea,X1SF,0
Phylodoce caerulea,X1C,0
Phylodoce caerulea,X2SF,0
Phylodoce caerulea,X2C,0
Phylodoce caerulea,X3SF,0
Phylodoce caerulea,X3C,0
Phylodoce caerulea,X4SF,0
Phylodoce caerulea,X4C,0
Phylodoce caerulea,X5SF,0
Phylodoce caerulea,X5C,0
Pinguicula villosa,D1SF,0
Pinguicula villosa,D1C,0
Pinguicula villosa,D2SF,0
Pinguicula villosa,D2C,0
Pinguicula villosa,D3SF,0
Pinguicula villosa,D3C,0
Pinguicula villosa,D4SF,0
Pinguicula villosa,D4C,0
Pinguicula villosa,D5SF,0
Pinguicula villosa,D5C,0
Pinguicula villosa,E1SF,0
Pinguicula villosa,E1C,0
Pinguicula villosa,E2SF,0
Pinguicula villosa,E2C,0
Pinguicula villosa,E3SF,0
Pinguicula villosa,E3C,0
Pinguicula villosa,E4SF,0
Pinguicula villosa,E4C,0
Pinguicula villosa,E5SF,0
Pinguicula villosa,E5C,0
Pinguicula villosa,X1SF,0
Pinguicula villosa,X1C,0
Pinguicula villosa,X2SF,0
Pinguicula villosa,X2C,0
Pinguicula villosa,X3SF,0
Pinguicula villosa,X3C,0
Pinguicula villosa,X4SF,0
Pinguicula villosa,X4C,0
Pinguicula villosa,X5SF,0
Pinguicula villosa,X5C,0
Pinguicula vulgaris,D1SF,0
Pinguicula vulgaris,D1C,1
Pinguicula vulgaris,D2SF,3
Pinguicula vulgaris,D2C,6
Pinguicula vulgaris,D3SF,0
Pinguicula vulgaris,D3C,8
Pinguicula vulgaris,D4SF,2
Pinguicula vulgaris,D4C,1
Pinguicula vulgaris,D5SF,0
Pinguicula vulgaris,D5C,0
Pinguicula vulgaris,E1SF,0
Pinguicula vulgaris,E1C,0
Pinguicula vulgaris,E2SF,0
Pinguicula vulgaris,E2C,0
Pinguicula vulgaris,E3SF,0
Pinguicula vulgaris,E3C,0
Pinguicula vulgaris,E4SF,0
Pinguicula vulgaris,E4C,0
Pinguicula vulgaris,E5SF,1
Pinguicula vulgaris,E5C,0
Pinguicula vulgaris,X1SF,0
Pinguicula vulgaris,X1C,0
Pinguicula vulgaris,X2SF,0
Pinguicula vulgaris,X2C,2
Pinguicula vulgaris,X3SF,0
Pinguicula vulgaris,X3C,0
Pinguicula vulgaris,X4SF,0
Pinguicula vulgaris,X4C,0
Pinguicula vulgaris,X5SF,0
Pinguicula vulgaris,X5C,0
Pyrola sp.,D1SF,0
Pyrola sp.,D1C,0
Pyrola sp.,D2SF,0
Pyrola sp.,D2C,0
Pyrola sp.,D3SF,0
Pyrola sp.,D3C,0
Pyrola sp.,D4SF,0
Pyrola sp.,D4C,0
Pyrola sp.,D5SF,8
Pyrola sp.,D5C,0
Pyrola sp.,E1SF,0
Pyrola sp.,E1C,0
Pyrola sp.,E2SF,0
Pyrola sp.,E2C,0
Pyrola sp.,E3SF,0
Pyrola sp.,E3C,0
Pyrola sp.,E4SF,0
Pyrola sp.,E4C,0
Pyrola sp.,E5SF,0
Pyrola sp.,E5C,0
Pyrola sp.,X1SF,0
Pyrola sp.,X1C,0
Pyrola sp.,X2SF,0
Pyrola sp.,X2C,0
Pyrola sp.,X3SF,0
Pyrola sp.,X3C,0
Pyrola sp.,X4SF,0
Pyrola sp.,X4C,0
Pyrola sp.,X5SF,0
Pyrola sp.,X5C,0
Rhododendron lapponicum,D1SF,0
Rhododendron lapponicum,D1C,0
Rhododendron lapponicum,D2SF,11
Rhododendron lapponicum,D2C,12
Rhododendron lapponicum,D3SF,10
Rhododendron lapponicum,D3C,0
Rhododendron lapponicum,D4SF,0
Rhododendron lapponicum,D4C,3
Rhododendron lapponicum,D5SF,0
Rhododendron lapponicum,D5C,0
Rhododendron lapponicum,E1SF,0
Rhododendron lapponicum,E1C,0
Rhododendron lapponicum,E2SF,0
Rhododendron lapponicum,E2C,0
Rhododendron lapponicum,E3SF,0
Rhododendron lapponicum,E3C,0
Rhododendron lapponicum,E4SF,0
Rhododendron lapponicum,E4C,0
Rhododendron lapponicum,E5SF,0
Rhododendron lapponicum,E5C,0
Rhododendron lapponicum,X1SF,0
Rhododendron lapponicum,X1C,0
Rhododendron lapponicum,X2SF,0
Rhododendron lapponicum,X2C,0
Rhododendron lapponicum,X3SF,0
Rhododendron lapponicum,X3C,0
Rhododendron lapponicum,X4SF,0
Rhododendron lapponicum,X4C,0
Rhododendron lapponicum,X5SF,0
Rhododendron lapponicum,X5C,0
Rubus chamaemorus,D1SF,0
Rubus chamaemorus,D1C,0
Rubus chamaemorus,D2SF,0
Rubus chamaemorus,D2C,0
Rubus chamaemorus,D3SF,0
Rubus chamaemorus,D3C,2
Rubus chamaemorus,D4SF,3
Rubus chamaemorus,D4C,1
Rubus chamaemorus,D5SF,0
Rubus chamaemorus,D5C,0
Rubus chamaemorus,E1SF,0
Rubus chamaemorus,E1C,0
Rubus chamaemorus,E2SF,0
Rubus chamaemorus,E2C,0
Rubus chamaemorus,E3SF,2
Rubus chamaemorus,E3C,0
Rubus chamaemorus,E4SF,0
Rubus chamaemorus,E4C,0
Rubus chamaemorus,E5SF,0
Rubus chamaemorus,E5C,0
Rubus chamaemorus,X1SF,0
Rubus chamaemorus,X1C,0
Rubus chamaemorus,X2SF,0
Rubus chamaemorus,X2C,0
Rubus chamaemorus,X3SF,0
Rubus chamaemorus,X3C,0
Rubus chamaemorus,X4SF,0
Rubus chamaemorus,X4C,0
Rubus chamaemorus,X5SF,0
Rubus chamaemorus,X5C,0
Salix myrsinites,D1SF,0
Salix myrsinites,D1C,0
Salix myrsinites,D2SF,22
Salix myrsinites,D2C,0
Salix myrsinites,D3SF,0
Salix myrsinites,D3C,0
Salix myrsinites,D4SF,0
Salix myrsinites,D4C,0
Salix myrsinites,D5SF,66
Salix myrsinites,D5C,0
Salix myrsinites,E1SF,27
Salix myrsinites,E1C,0
Salix myrsinites,E2SF,0
Salix myrsinites,E2C,0
Salix myrsinites,E3SF,0
Salix myrsinites,E3C,0
Salix myrsinites,E4SF,0
Salix myrsinites,E4C,0
Salix myrsinites,E5SF,0
Salix myrsinites,E5C,0
Salix myrsinites,X1SF,0
Salix myrsinites,X1C,0
Salix myrsinites,X2SF,0
Salix myrsinites,X2C,0
Salix myrsinites,X3SF,0
Salix myrsinites,X3C,0
Salix myrsinites,X4SF,0
Salix myrsinites,X4C,0
Salix myrsinites,X5SF,0
Salix myrsinites,X5C,0
Salix glauca,D1SF,13
Salix glauca,D1C,32
Salix glauca,D2SF,0
Salix glauca,D2C,4
Salix glauca,D3SF,5
Salix glauca,D3C,0
Salix glauca,D4SF,0
Salix glauca,D4C,0
Salix glauca,D5SF,109
Salix glauca,D5C,37
Salix glauca,E1SF,0
Salix glauca,E1C,0
Salix glauca,E2SF,20
Salix glauca,E2C,4
Salix glauca,E3SF,0
Salix glauca,E3C,1
Salix glauca,E4SF,63
Salix glauca,E4C,0
Salix glauca,E5SF,57
Salix glauca,E5C,0
Salix glauca,X1SF,0
Salix glauca,X1C,0
Salix glauca,X2SF,0
Salix glauca,X2C,0
Salix glauca,X3SF,0
Salix glauca,X3C,0
Salix glauca,X4SF,0
Salix glauca,X4C,0
Salix glauca,X5SF,0
Salix glauca,X5C,0
Salix reticulata,D1SF,0
Salix reticulata,D1C,0
Salix reticulata,D2SF,0
Salix reticulata,D2C,0
Salix reticulata,D3SF,0
Salix reticulata,D3C,0
Salix reticulata,D4SF,0
Salix reticulata,D4C,0
Salix reticulata,D5SF,0
Salix reticulata,D5C,1
Salix reticulata,E1SF,0
Salix reticulata,E1C,0
Salix reticulata,E2SF,0
Salix reticulata,E2C,0
Salix reticulata,E3SF,0
Salix reticulata,E3C,0
Salix reticulata,E4SF,0
Salix reticulata,E4C,0
Salix reticulata,E5SF,0
Salix reticulata,E5C,0
Salix reticulata,X1SF,0
Salix reticulata,X1C,0
Salix reticulata,X2SF,0
Salix reticulata,X2C,0
Salix reticulata,X3SF,0
Salix reticulata,X3C,0
Salix reticulata,X4SF,0
Salix reticulata,X4C,0
Salix reticulata,X5SF,0
Salix reticulata,X5C,0
Saussurea alpina,D1SF,0
Saussurea alpina,D1C,0
Saussurea alpina,D2SF,0
Saussurea alpina,D2C,0
Saussurea alpina,D3SF,0
Saussurea alpina,D3C,0
Saussurea alpina,D4SF,0
Saussurea alpina,D4C,0
Saussurea alpina,D5SF,0
Saussurea alpina,D5C,14
Saussurea alpina,E1SF,2
Saussurea alpina,E1C,0
Saussurea alpina,E2SF,0
Saussurea alpina,E2C,0
Saussurea alpina,E3SF,0
Saussurea alpina,E3C,0
Saussurea alpina,E4SF,0
Saussurea alpina,E4C,0
Saussurea alpina,E5SF,0
Saussurea alpina,E5C,0
Saussurea alpina,X1SF,0
Saussurea alpina,X1C,0
Saussurea alpina,X2SF,0
Saussurea alpina,X2C,0
Saussurea alpina,X3SF,0
Saussurea alpina,X3C,0
Saussurea alpina,X4SF,0
Saussurea alpina,X4C,0
Saussurea alpina,X5SF,0
Saussurea alpina,X5C,0
Silene acaulis,D1SF,23
Silene acaulis,D1C,0
Silene acaulis,D2SF,35
Silene acaulis,D2C,3
Silene acaulis,D3SF,0
Silene acaulis,D3C,1
Silene acaulis,D4SF,0
Silene acaulis,D4C,0
Silene acaulis,D5SF,44
Silene acaulis,D5C,10
Silene acaulis,E1SF,0
Silene acaulis,E1C,0
Silene acaulis,E2SF,0
Silene acaulis,E2C,0
Silene acaulis,E3SF,0
Silene acaulis,E3C,0
Silene acaulis,E4SF,0
Silene acaulis,E4C,0
Silene acaulis,E5SF,0
Silene acaulis,E5C,0
Silene acaulis,X1SF,0
Silene acaulis,X1C,0
Silene acaulis,X2SF,0
Silene acaulis,X2C,0
Silene acaulis,X3SF,0
Silene acaulis,X3C,0
Silene acaulis,X4SF,0
Silene acaulis,X4C,0
Silene acaulis,X5SF,0
Silene acaulis,X5C,0
Thalictrum alpinum,D1SF,0
Thalictrum alpinum,D1C,0
Thalictrum alpinum,D2SF,0
Thalictrum alpinum,D2C,0
Thalictrum alpinum,D3SF,0
Thalictrum alpinum,D3C,0
Thalictrum alpinum,D4SF,0
Thalictrum alpinum,D4C,0
Thalictrum alpinum,D5SF,0
Thalictrum alpinum,D5C,24
Thalictrum alpinum,E1SF,4
Thalictrum alpinum,E1C,0
Thalictrum alpinum,E2SF,0
Thalictrum alpinum,E2C,0
Thalictrum alpinum,E3SF,0
Thalictrum alpinum,E3C,0
Thalictrum alpinum,E4SF,0
Thalictrum alpinum,E4C,0
Thalictrum alpinum,E5SF,0
Thalictrum alpinum,E5C,0
Thalictrum alpinum,X1SF,0
Thalictrum alpinum,X1C,0
Thalictrum alpinum,X2SF,0
Thalictrum alpinum,X2C,0
Thalictrum alpinum,X3SF,0
Thalictrum alpinum,X3C,0
Thalictrum alpinum,X4SF,0
Thalictrum alpinum,X4C,0
Thalictrum alpinum,X5SF,0
Thalictrum alpinum,X5C,0
Tofieldia pusilla,D1SF,48
Tofieldia pusilla,D1C,80
Tofieldia pusilla,D2SF,116
Tofieldia pusilla,D2C,77
Tofieldia pusilla,D3SF,18
Tofieldia pusilla,D3C,81
Tofieldia pusilla,D4SF,25
Tofieldia pusilla,D4C,23
Tofieldia pusilla,D5SF,5
Tofieldia pusilla,D5C,12
Tofieldia pusilla,E1SF,0
Tofieldia pusilla,E1C,0
Tofieldia pusilla,E2SF,0
Tofieldia pusilla,E2C,0
Tofieldia pusilla,E3SF,0
Tofieldia pusilla,E3C,0
Tofieldia pusilla,E4SF,0
Tofieldia pusilla,E4C,0
Tofieldia pusilla,E5SF,0
Tofieldia pusilla,E5C,0
Tofieldia pusilla,X1SF,0
Tofieldia pusilla,X1C,0
Tofieldia pusilla,X2SF,0
Tofieldia pusilla,X2C,0
Tofieldia pusilla,X3SF,0
Tofieldia pusilla,X3C,0
Tofieldia pusilla,X4SF,0
Tofieldia pusilla,X4C,0
Tofieldia pusilla,X5SF,2
Tofieldia pusilla,X5C,1
Trichophorum cespitosum,D1SF,245
Trichophorum cespitosum,D1C,104
Trichophorum cespitosum,D2SF,265
Trichophorum cespitosum,D2C,528
Trichophorum cespitosum,D3SF,665
Trichophorum cespitosum,D3C,505
Trichophorum cespitosum,D4SF,174
Trichophorum cespitosum,D4C,158
Trichophorum cespitosum,D5SF,7
Trichophorum cespitosum,D5C,299
Trichophorum cespitosum,E1SF,0
Trichophorum cespitosum,E1C,0
Trichophorum cespitosum,E2SF,0
Trichophorum cespitosum,E2C,0
Trichophorum cespitosum,E3SF,0
Trichophorum cespitosum,E3C,0
Trichophorum cespitosum,E4SF,0
Trichophorum cespitosum,E4C,0
Trichophorum cespitosum,E5SF,0
Trichophorum cespitosum,E5C,0
Trichophorum cespitosum,X1SF,0
Trichophorum cespitosum,X1C,0
Trichophorum cespitosum,X2SF,0
Trichophorum cespitosum,X2C,0
Trichophorum cespitosum,X3SF,0
Trichophorum cespitosum,X3C,0
Trichophorum cespitosum,X4SF,0
Trichophorum cespitosum,X4C,0
Trichophorum cespitosum,X5SF,0
Trichophorum cespitosum,X5C,0
Vaccinium microcarpum,D1SF,0
Vaccinium microcarpum,D1C,1
Vaccinium microcarpum,D2SF,0
Vaccinium microcarpum,D2C,0
Vaccinium microcarpum,D3SF,0
Vaccinium microcarpum,D3C,0
Vaccinium microcarpum,D4SF,5
Vaccinium microcarpum,D4C,11
Vaccinium microcarpum,D5SF,0
Vaccinium microcarpum,D5C,0
Vaccinium microcarpum,E1SF,0
Vaccinium microcarpum,E1C,0
Vaccinium microcarpum,E2SF,0
Vaccinium microcarpum,E2C,0
Vaccinium microcarpum,E3SF,0
Vaccinium microcarpum,E3C,0
Vaccinium microcarpum,E4SF,0
Vaccinium microcarpum,E4C,0
Vaccinium microcarpum,E5SF,0
Vaccinium microcarpum,E5C,0
Vaccinium microcarpum,X1SF,0
Vaccinium microcarpum,X1C,0
Vaccinium microcarpum,X2SF,0
Vaccinium microcarpum,X2C,0
Vaccinium microcarpum,X3SF,0
Vaccinium microcarpum,X3C,0
Vaccinium microcarpum,X4SF,0
Vaccinium microcarpum,X4C,0
Vaccinium microcarpum,X5SF,0
Vaccinium microcarpum,X5C,0
Vaccinium uliginosum,D1SF,98
Vaccinium uliginosum,D1C,35
Vaccinium uliginosum,D2SF,46
Vaccinium uliginosum,D2C,3
Vaccinium uliginosum,D3SF,3
Vaccinium uliginosum,D3C,5
Vaccinium uliginosum,D4SF,61
Vaccinium uliginosum,D4C,34
Vaccinium uliginosum,D5SF,71
Vaccinium uliginosum,D5C,71
Vaccinium uliginosum,E1SF,72
Vaccinium uliginosum,E1C,240
Vaccinium uliginosum,E2SF,115
Vaccinium uliginosum,E2C,50
Vaccinium uliginosum,E3SF,93
Vaccinium uliginosum,E3C,39
Vaccinium uliginosum,E4SF,350
Vaccinium uliginosum,E4C,100
Vaccinium uliginosum,E5SF,93
Vaccinium uliginosum,E5C,76
Vaccinium uliginosum,X1SF,26
Vaccinium uliginosum,X1C,41
Vaccinium uliginosum,X2SF,56
Vaccinium uliginosum,X2C,29
Vaccinium uliginosum,X3SF,38
Vaccinium uliginosum,X3C,57
Vaccinium uliginosum,X4SF,58
Vaccinium uliginosum,X4C,76
Vaccinium uliginosum,X5SF,40
Vaccinium uliginosum,X5C,28
Vaccinium vitis-idaea,D1SF,1
Vaccinium vitis-idaea,D1C,5
Vaccinium vitis-idaea,D2SF,0
Vaccinium vitis-idaea,D2C,0
Vaccinium vitis-idaea,D3SF,0
Vaccinium vitis-idaea,D3C,0
Vaccinium vitis-idaea,D4SF,0
Vaccinium vitis-idaea,D4C,0
Vaccinium vitis-idaea,D5SF,18
Vaccinium vitis-idaea,D5C,0
Vaccinium vitis-idaea,E1SF,57
Vaccinium vitis-idaea,E1C,74
Vaccinium vitis-idaea,E2SF,47
Vaccinium vitis-idaea,E2C,67
Vaccinium vitis-idaea,E3SF,22
Vaccinium vitis-idaea,E3C,113
Vaccinium vitis-idaea,E4SF,1
Vaccinium vitis-idaea,E4C,0
Vaccinium vitis-idaea,E5SF,10
Vaccinium vitis-idaea,E5C,184
Vaccinium vitis-idaea,X1SF,71
Vaccinium vitis-idaea,X1C,0
Vaccinium vitis-idaea,X2SF,0
Vaccinium vitis-idaea,X2C,0
Vaccinium vitis-idaea,X3SF,0
Vaccinium vitis-idaea,X3C,0
Vaccinium vitis-idaea,X4SF,0
Vaccinium vitis-idaea,X4C,0
Vaccinium vitis-idaea,X5SF,0
Vaccinium vitis-idaea,X5C,0
